id,predicted_price
0,341902.52
1,944746.905
2,1036861.5
3,1916292.525
4,710645.83
5,276427.69
6,840740.06
7,599408.205
8,433204.4
9,556277.0
10,751557.37
11,399702.815
12,254667.41333333327
13,312995.93
14,292294.375
15,1125432.6
16,849698.75
17,964323.66
18,391697.63
19,439065.685
20,426031.75
21,1016591.05
22,730000.7
23,580679.25
24,548748.93
25,529134.3333333334
26,257510.55
27,231387.17
28,311769.855
29,581773.75
30,385546.48333333334
31,436544.115
32,553827.5
33,250874.78
34,387285.0
35,925947.86
36,914466.975
37,441236.81
38,381990.595
39,1810652.2
40,559410.5
41,238537.495
42,296345.755
43,397359.5635714286
44,347929.7916666666
45,261123.25
46,392907.95
47,535281.995
48,419480.48
49,680785.005
50,461586.34
51,542704.45
52,487534.66
53,537339.43
54,560599.25
55,1274608.1
56,320949.81
57,709908.63
58,405754.175
59,695994.88
60,335272.64
61,302308.875
62,233281.5
63,583348.2
64,441299.30333333334
65,177722.15
66,354470.875
67,559207.9633333333
68,613794.995
69,966678.22
70,295374.775
71,348644.085
72,826146.82
73,970443.6716666665
74,445718.0
75,949467.675
76,1212401.195
77,203925.545
78,651076.5
79,1347105.5
80,853151.01
81,437355.79
82,660721.0
83,248799.445
84,946571.0
85,655366.44
86,416332.0
87,679932.755
88,417191.07
89,464989.25
90,239456.2
91,400352.94
92,606227.5
93,1018588.935
94,568085.0
95,506048.25
96,246969.575
97,251241.25
98,750371.94
99,621080.93
100,261190.49
101,1349784.9
102,502808.525
103,333658.25
104,1186660.3
105,272405.6333333333
106,480185.505
107,453856.305
108,715404.325
109,1958927.45
110,340765.75
111,242976.22
112,572482.055
113,763700.59
114,579137.735
115,289906.4
116,239988.955
117,311632.565
118,280506.2916666667
119,464758.18
120,504745.595
121,437086.165
122,427415.525
123,216704.31333333332
124,436502.25
125,813174.825
126,234178.115
127,890098.075
128,320208.18
129,395864.93
130,442121.525
131,457768.625
132,322643.69
133,758652.81
134,277364.2166666666
135,521239.805
136,352280.645
137,305783.25
138,1421795.99
139,631210.2
140,544603.75
141,734070.53
142,723085.25
143,385496.75
144,207480.955
145,344662.27
146,370317.04
147,165719.25
148,437557.23
149,498817.625
150,809910.62
151,887950.99
152,563916.535
153,1706032.25
154,815527.775
155,812247.055
156,588803.0
157,404800.64
158,593696.215
159,334280.22
160,713905.505
161,427921.0
162,260032.41
163,321478.5
164,311850.0
165,338198.75
166,243701.75
167,289616.92
168,553129.15
169,336579.0
170,866363.9
171,367518.635
172,274433.775
173,714209.88
174,396532.185
175,312959.91
176,253123.03
177,532787.5
178,237071.825
179,351704.3
180,291942.8333333334
181,501740.0
182,535103.0
183,704561.54
184,714252.665
185,381008.745
186,161005.25
187,490279.125
188,570261.875
189,502447.9
190,213902.995
191,877819.83
192,901910.135
193,1096862.7
194,313643.36
195,554952.5
196,435916.525
197,1466780.6
198,728291.59
199,428703.865
200,514418.53
201,292188.82
202,618806.65
203,1314683.125
204,948345.83
205,389623.95
206,617554.5
207,325146.8
208,644468.15
209,695507.85
210,326606.66
211,295777.28
212,494690.1
213,443606.5
214,323209.155
215,681511.945
216,615837.75
217,301828.44
218,470983.915
219,475518.545
220,2320585.25
221,545680.29
222,684783.66
223,279041.125
224,567571.45
225,611339.5
226,532255.12
227,1105200.78
228,916047.75
229,347461.8
230,311368.02
231,273600.665
232,707094.75
233,197352.075
234,343713.6
235,301861.975
236,190079.515
237,291218.7833333333
238,2106069.65
239,371226.11
240,356828.86
241,548102.84
242,662738.13
243,307918.72
244,384200.725
245,328536.205
246,388056.75
247,573542.91
248,961872.15
249,650969.5
250,822861.94
251,608400.22
252,424900.5
253,428880.18
254,541385.0
255,331135.5
256,395150.37
257,336381.825
258,1151597.775
259,283950.67
260,2708320.5
261,354937.5
262,787617.495
263,814060.83
264,700848.865
265,608045.455
266,888823.1666666667
267,253363.045
268,416790.2
269,582217.12
270,398064.0
271,518868.625
272,325775.635
273,573470.44
274,433261.0
275,1435305.083333333
276,207232.9375
277,328021.5833333333
278,595058.78
279,452916.65
280,242753.98
281,596854.25
282,302642.75
283,481861.94
284,309388.965
285,672646.1
286,331961.65
287,566934.6833333332
288,423016.75
289,340612.5
290,588756.66
291,523197.52333333326
292,192629.7
293,214418.865
294,694661.345
295,723283.5
296,478166.25
297,232976.015
298,457849.35
299,741695.5
300,574371.08
301,558240.115
302,330552.165
303,617425.785
304,341021.93
305,695717.375
306,450527.54
307,425220.7
308,254423.25
309,405037.69
310,237964.185
311,823685.5
312,832705.575
313,1291304.47
314,952740.525
315,268135.595
316,916509.7
317,249841.56166666668
318,989642.75
319,381667.0
320,299532.275
321,560494.6199999999
322,313393.36
323,253175.875
324,547074.125
325,357065.56
326,764456.5
327,425656.785
328,268630.9583333334
329,198003.75
330,652048.055
331,331893.8
332,311345.145
333,300952.675
334,508775.5
335,424450.25
336,621049.04
337,311373.2
338,1380685.25
339,196403.0
340,1364275.0
341,557579.95
342,558970.08
343,786711.79
344,891521.295
345,940738.3
346,572617.75
347,337600.45
348,567755.715
349,807431.25
350,189133.92166666663
351,522173.0
352,432336.17
353,993702.25
354,242081.49
355,689120.25
356,592664.37
357,815724.595
358,731024.65
359,831308.41
360,359204.0
361,1175294.225
362,271466.8
363,542587.6716666666
364,758574.63
365,266360.2
366,639812.725
367,253402.045
368,1512973.8
369,336891.41
370,500416.025
371,469072.245
372,572521.925
373,520614.0
374,505587.075
375,338716.865
376,251719.505
377,849560.55
378,239347.22
379,474024.88
380,485721.705
381,604740.875
382,721167.4
383,390061.205
384,409346.365
385,285248.045
386,393355.945
387,587751.065
388,532961.485
389,508862.0
390,549322.0
391,351612.89166666666
392,615517.6
393,529812.25
394,769874.51
395,337139.18
396,274184.82333333336
397,1119729.325
398,829420.085
399,395000.25
400,293322.825
401,402896.24
402,620780.34
403,291482.545
404,474124.75
405,508411.38
406,576080.87
407,608207.25
408,299414.3333333333
409,381238.185
410,475620.25
411,408493.835
412,580401.7
413,569250.345
414,228834.0
415,333560.99
416,663262.57
417,519951.45
418,777058.5
419,439741.25
420,413830.675
421,496653.125
422,254279.13
423,798016.955
424,424811.705
425,565327.1
426,343076.25
427,726780.9
428,506536.965
429,247953.26
430,701197.03
431,664375.24
432,792426.33
433,343547.08
434,640956.015
435,548867.225
436,640480.875
437,568831.58
438,569709.525
439,253353.375
440,878248.6816666665
441,341258.675
442,485505.2
443,207798.115
444,345281.07
445,335571.5
446,373503.525
447,2240199.0
448,489951.5
449,963472.2
450,488683.46
451,184690.03333333333
452,614069.005
453,430803.5
454,385153.4166666666
455,858821.25
456,326816.5
457,792500.185
458,366658.5
459,285325.11
460,454370.03
461,555278.1
462,1291004.27
463,577622.88
464,1472025.34
465,527412.05
466,458895.67
467,589229.6916666667
468,765900.01
469,413526.75
470,631186.57
471,477126.99
472,397075.38
473,883888.89
474,479675.86309523805
475,434072.33
476,310485.78
477,401910.0
478,369449.75
479,322021.435
480,199899.55416666667
481,233980.5
482,352072.075
483,352043.0
484,374872.09
485,438410.5
486,585319.49
487,258838.73
488,740625.525
489,296774.0
490,821993.055
491,734232.4
492,559396.98
493,592745.965
494,1005033.965
495,376001.97
496,918577.135
497,335054.0
498,532520.425
499,358306.125
500,330695.6
501,378689.125
502,426338.3
503,642803.95
504,323072.5833333334
505,674120.73
506,624978.25
507,979451.925
508,415516.45
509,470069.48
510,986020.95
511,613894.5
512,777178.045
513,694949.055
514,341457.5
515,852983.75
516,412437.895
517,198372.075
518,378249.5
519,292883.11
520,298406.475
521,673953.89
522,568010.93
523,311801.5
524,593098.75
525,260350.0
526,582901.69
527,270996.75
528,949041.95
529,515055.015
530,813286.205
531,426463.25
532,1038556.95
533,443332.33
534,213322.075
535,253968.89666666664
536,333294.115
537,948747.795
538,567825.345
539,870659.35
540,575410.59
541,329691.425
542,910634.375
543,242115.52
544,647556.75
545,497868.705
546,352850.8
547,1657848.5
548,663059.525
549,312753.3833333333
550,733678.175
551,387294.54
552,616117.75
553,1563777.75
554,280298.25
555,511556.95
556,283708.92083333334
557,322397.45
558,224776.86
559,750771.95
560,419928.67
561,247578.45
562,564770.8916666667
563,496093.935
564,181717.645
565,916971.63
566,241476.5783333333
567,628216.575
568,198636.93333333332
569,621001.475
570,560688.555
571,474204.09
572,753708.75
573,268149.385
574,395918.27
575,262842.92
576,325970.53125
577,464648.25
578,320531.27
579,667881.47
580,366663.8333333334
581,744198.955
582,991246.57
583,322129.48
584,290874.63
585,351595.785
586,222213.0
587,342881.81
588,298401.25
589,389303.855
590,407683.425
591,765659.0
592,322611.645
593,250520.5133333333
594,479694.825
595,425366.205
596,934809.545
597,478669.625
598,834221.5
599,346502.85
600,502715.45
601,401281.0
602,1140831.2183333333
603,171360.49166666664
604,346973.75
605,243432.4233333333
606,436747.785
607,332762.965
608,312681.405
609,517164.11
610,741932.925
611,187725.88833333337
612,476080.79
613,340934.92
614,492043.87
615,226829.51
616,281661.335
617,357703.61
618,483500.585
619,562015.44
620,998462.95
621,533542.39
622,2238342.25
623,688638.11
624,911907.14
625,737669.55
626,323272.825
627,707264.29
628,1365782.45
629,603441.25
630,339334.0
631,266108.985
632,358363.0
633,1151183.8
634,346578.185
635,476767.76
636,447945.35
637,572724.75
638,264842.02
639,575675.6
640,567089.805
641,863216.72
642,736798.0983333334
643,523080.57
644,396581.68
645,583845.27
646,339060.2
647,662879.805
648,372228.245
649,213552.09666666665
650,842555.05
651,405219.545
652,478630.46
653,336274.75
654,2194079.5
655,465033.35
656,627909.69
657,706829.45
658,562272.09
659,500169.065
660,247695.415
661,284316.975
662,308101.5
663,1237691.6
664,449881.81
665,427594.44
666,867893.0
667,291902.15
668,465234.1283333333
669,459677.865
670,1243681.05
671,513424.0
672,893942.85
673,816496.34
674,485504.885
675,824644.655
676,642486.37
677,565241.5
678,338921.245
679,622571.63
680,510975.97
681,479895.8
682,645590.48
683,152091.1025
684,553393.375
685,516865.5
686,421277.3333333334
687,602535.02
688,636963.01
689,315966.2
690,254667.41333333327
691,227391.375
692,404662.095
693,718189.7
694,646091.5
695,310553.255
696,311291.7833333334
697,494029.095
698,264895.245
699,981913.63
700,349688.44
701,352476.98
702,244844.25
703,393782.99
704,642040.55
705,404662.095
706,977192.65
707,940817.77
708,979121.47
709,232543.27
710,531869.4
711,533943.01
712,246539.985
713,388708.97
714,458784.355
715,229947.435
716,542176.695
717,373748.825
718,377187.3333333334
719,511397.5
720,309902.945
721,621580.25
722,507870.775
723,529347.285
724,784907.44
725,347074.25
726,837796.64
727,587951.145
728,336239.105
729,556956.06
730,238437.86
731,430619.555
732,851951.0
733,931074.26
734,443367.075
735,226393.81833333336
736,271754.4
737,759620.275
738,728323.39
739,294272.11
740,320992.475
741,384955.79
742,384866.945
743,1542611.25
744,157557.625
745,229588.69
746,178722.375
747,496204.035
748,364640.915
749,699411.875
750,1096933.3
751,438634.0
752,316306.95
753,737344.375
754,318446.0
755,750059.8
756,535613.675
757,459645.5
758,538070.57
759,521986.295
760,222831.145
761,474846.95
762,515322.52
763,476737.04
764,427293.43
765,1080206.45
766,552494.735
767,770361.75
768,925161.75
769,721682.75
770,231748.2333333333
771,505594.75
772,400182.9
773,632143.675
774,585556.99
775,241825.5783333333
776,316484.55
777,545215.5
778,340101.33333333326
779,568585.5
780,446736.675
781,537004.25
782,549642.75
783,274789.1
784,326290.89166666666
785,186207.875
786,221770.87
787,571945.58
788,230295.36
789,402327.75
790,474423.12
791,407255.875
792,300780.295
793,420435.55
794,481511.13
795,481226.91714285716
796,309130.82
797,1553857.6
798,532745.7716666666
799,420983.5
800,547878.25
801,958871.98
802,446475.15
803,200641.125
804,474216.61
805,294866.16
806,433318.88
807,935660.25
808,324565.25
809,512702.62
810,631059.57
811,481584.78
812,598334.25
813,563751.005
814,803261.12
815,885141.25
816,296423.785
817,1198413.6
818,419246.5
819,702880.86
820,350880.25
821,291823.945
822,579271.235
823,480485.955
824,288932.46
825,803386.325
826,676596.715
827,250892.9085714286
828,257762.6
829,351104.25
830,437518.015
831,896424.495
832,573530.49
833,335453.0
834,510234.805
835,424749.775
836,228562.795
837,456582.8
838,244004.815
839,376967.65
840,536576.215
841,412571.425
842,229435.12
843,506352.25
844,637246.545
845,620628.0
846,811972.245
847,468493.7
848,348812.5
849,492396.04
850,364592.19
851,832885.0
852,890451.575
853,476529.235
854,433600.005
855,275170.715
856,820417.0
857,529338.75
858,393601.815
859,1400073.2
860,369745.475
861,302072.57
862,832878.59
863,783133.0616666668
864,442855.75
865,479057.9
866,408324.15
867,194239.045
868,660284.6
869,466713.5
870,318346.0233333334
871,464774.5
872,353362.31
873,378178.3
874,189138.45833333337
875,315561.33785714285
876,311447.3933333333
877,336953.945
878,255703.59
879,350262.32
880,929753.0
881,565373.325
882,413539.43
883,629089.14
884,337605.75
885,155115.2125
886,409430.3
887,353371.17
888,594979.66
889,223314.99999999997
890,497182.6
891,899584.945
892,771071.05
893,617968.8
894,505095.27
895,297223.475
896,1188345.675
897,718015.095
898,806301.43
899,376984.005
900,518932.25
901,925590.68
902,490887.75
903,190959.40166666667
904,1164849.46
905,201919.78
906,1019736.2
907,331355.45
908,590355.005
909,609882.775
910,465005.37
911,568489.5
912,606016.715
913,745485.725
914,830658.455
915,513781.745
916,672071.68
917,518069.495
918,458229.755
919,240107.80166666664
920,435823.5
921,418203.24
922,438202.615
923,523338.355
924,313360.7
925,267269.75
926,296569.82
927,470525.9166666666
928,587948.125
929,272094.92833333334
930,527976.75
931,550346.0
932,655870.005
933,990520.075
934,775424.32
935,400858.145
936,866877.48
937,482938.11
938,610981.65
939,333525.3
940,1587125.25
941,306289.73
942,263854.23
943,415491.375
944,216232.9
945,440733.95
946,825000.75
947,811497.525
948,848733.75
949,268316.995
950,233362.25
951,344072.225
952,2097403.0
953,488212.25
954,446956.74
955,991514.26
956,505995.75
957,612490.53
958,1043345.95
959,1244113.5
960,537709.225
961,384158.81
962,442839.05
963,664220.53
964,574082.03
965,314057.81
966,336958.36
967,283878.385
968,461770.0
969,781803.25
970,482161.45
971,819311.83
972,336379.495
973,348966.7
974,334211.5
975,206808.95
976,348756.045
977,256847.90333333332
978,250113.75
979,954442.11
980,796298.805
981,293255.8333333333
982,273910.26
983,466546.25
984,217455.99999999997
985,567516.59
986,257911.76
987,1015082.225
988,479377.89
989,342522.195
990,317750.105
991,685079.915
992,275317.33
993,833906.43
994,448437.46
995,605593.7
996,469796.475
997,378916.945
998,325976.69166666665
999,264118.17
1000,586532.6
1001,359300.375
1002,453498.25
1003,258293.7
1004,214867.25
1005,207563.28333333335
1006,546902.49
1007,353219.34
1008,333527.46
1009,1049576.13
1010,564830.375
1011,391406.285
1012,354166.94
1013,437986.25
1014,467483.995
1015,1916723.35
1016,430122.805
1017,650368.5916666667
1018,396848.895
1019,282951.5
1020,2689557.5
1021,416969.025
1022,350048.595
1023,362501.3983333334
1024,907070.17
1025,202672.725
1026,1636466.39
1027,572704.8
1028,452381.5
1029,952608.515
1030,446244.6
1031,641061.0
1032,367786.25
1033,228243.48
1034,528324.25
1035,346837.87
1036,235453.4
1037,524764.995
1038,279474.0
1039,248734.7
1040,392074.625
1041,437980.605
1042,485246.21
1043,536623.5
1044,512577.115
1045,826832.675
1046,435652.99
1047,204091.97916666663
1048,380175.47
1049,903585.595
1050,359076.75
1051,637891.475
1052,247896.94
1053,505141.75
1054,2571899.25
1055,714801.75
1056,288614.1
1057,366371.825
1058,402066.95666666667
1059,446100.035
1060,715812.15
1061,578066.0
1062,248344.585
1063,1093410.0
1064,651193.53
1065,521646.5
1066,407927.975
1067,228508.03
1068,427930.455
1069,428452.365
1070,1187018.9
1071,391833.55
1072,741780.425
1073,223725.03
1074,457093.31
1075,295148.095
1076,355917.685
1077,274761.0
1078,855336.2
1079,308553.975
1080,714871.73
1081,255957.72
1082,376941.8
1083,358240.655
1084,290991.915
1085,752997.255
1086,542493.52
1087,707031.6016666666
1088,609714.385
1089,887642.85
1090,311212.61
1091,961946.97
1092,254773.735
1093,195558.375
1094,304948.82
1095,668324.26
1096,462792.395
1097,1412508.075
1098,318506.41
1099,459997.5
1100,298920.61333333334
1101,442670.8
1102,502353.285
1103,830173.5
1104,411291.625
1105,235875.61
1106,752087.2
1107,260348.7
1108,260188.4166666667
1109,513990.0
1110,395720.75
1111,485568.06
1112,291430.125
1113,756582.73
1114,163201.75
1115,363490.9
1116,1175223.9
1117,1257585.83
1118,275082.75
1119,469927.165
1120,793553.5
1121,543824.875
1122,224534.0
1123,465961.12
1124,412019.75
1125,160225.61666666667
1126,585400.51
1127,591548.5
1128,825011.0
1129,343745.845
1130,761485.75
1131,764358.02
1132,521039.41666666674
1133,671834.5
1134,907820.27
1135,293699.665
1136,956862.535
1137,329774.48
1138,215067.875
1139,204726.88
1140,341115.605
1141,581582.275
1142,215437.94
1143,549121.3333333334
1144,421572.75
1145,281443.915
1146,854936.315
1147,454652.5
1148,2231830.25
1149,1143300.0
1150,556747.38
1151,535660.0
1152,545598.315
1153,332928.75
1154,268381.295
1155,1802613.85
1156,305267.265
1157,474456.625
1158,486909.25
1159,638596.525
1160,262450.205
1161,856880.89
1162,589461.2
1163,313937.155
1164,238955.125
1165,489001.34809523815
1166,465767.6
1167,404740.19
1168,222935.39
1169,845258.875
1170,603919.0
1171,540580.81
1172,273224.25
1173,489711.205
1174,632495.495
1175,568945.9666666667
1176,409042.5
1177,375844.845
1178,827438.545
1179,237219.91
1180,471911.45
1181,921254.025
1182,315199.12
1183,478648.81
1184,2142277.9
1185,518826.175
1186,633981.7083333334
1187,2962624.25
1188,511479.255
1189,514613.42
1190,545376.5
1191,388857.395
1192,898396.9666666667
1193,970598.15
1194,595049.4
1195,502808.89
1196,353913.795
1197,266590.0
1198,518553.235
1199,251783.38
1200,824029.36
1201,477098.70666666667
1202,586257.77
1203,1228729.44
1204,782567.2
1205,373000.725
1206,254877.43
1207,604951.5
1208,872448.99
1209,499786.505
1210,529160.12
1211,217200.59833333333
1212,466727.305
1213,612555.485
1214,536749.525
1215,523236.425
1216,628836.32
1217,819142.0
1218,394286.01
1219,844608.9
1220,231355.0
1221,402477.99
1222,470725.45
1223,213276.925
1224,267994.70666666667
1225,294914.05
1226,424464.0
1227,428693.25
1228,465529.25
1229,251289.705
1230,551129.315
1231,554639.875
1232,1074342.4
1233,367432.625
1234,317691.15
1235,247089.045
1236,759941.64
1237,817729.95
1238,295874.15
1239,746730.635
1240,685713.35
1241,347022.68
1242,287688.25
1243,401763.55
1244,726680.62
1245,1420996.85
1246,605567.89
1247,360284.34
1248,457731.815
1249,402562.46
1250,530619.75
1251,758716.88
1252,522726.75
1253,391895.36
1254,336194.52833333326
1255,461905.98
1256,379364.0
1257,385732.69
1258,509174.4
1259,392553.625
1260,502645.75
1261,474941.0
1262,719039.845
1263,367250.38
1264,203098.625
1265,355899.935
1266,386464.0
1267,261495.79
1268,640936.03
1269,172613.31666666665
1270,358942.5
1271,369990.625
1272,645848.03
1273,645880.0
1274,418261.75
1275,760284.0
1276,429772.865
1277,769768.15
1278,791891.535
1279,572877.75
1280,419948.5
1281,363915.675
1282,1340143.0
1283,965666.105
1284,201541.0
1285,314717.62
1286,421682.845
1287,250569.36
1288,1046421.995
1289,741650.04
1290,994260.2
1291,235680.69
1292,642547.25
1293,702720.75
1294,204325.765
1295,510518.0
1296,318358.045
1297,597750.855
1298,230896.9
1299,425638.57
1300,287132.8566666667
1301,687005.49
1302,357917.565
1303,234746.355
1304,649845.085
1305,565960.8883333333
1306,598339.785
1307,485586.0
1308,225560.985
1309,638436.7083333334
1310,200596.375
1311,207043.825
1312,611970.05
1313,503065.25
1314,249122.005
1315,359250.805
1316,265037.815
1317,680124.02
1318,290000.855
1319,305590.67
1320,382297.765
1321,403012.5
1322,285316.2
1323,264460.16833333333
1324,301298.585
1325,788630.75
1326,243853.7916666667
1327,2894629.75
1328,1866744.85
1329,487518.425
1330,616927.8
1331,439798.84
1332,514581.52
1333,566629.0833333334
1334,638383.81
1335,322596.79
1336,742668.395
1337,373118.0
1338,255701.535
1339,1251161.84
1340,483128.5
1341,265754.935
1342,257006.25
1343,440162.65
1344,513178.06
1345,545137.925
1346,724783.0
1347,622357.27
1348,523701.17
1349,1152962.14
1350,423575.03
1351,342646.71
1352,423725.215
1353,556541.94
1354,375119.5
1355,343013.5
1356,587217.805
1357,1903337.75
1358,742740.6
1359,918025.77
1360,306702.87
1361,186785.61666666667
1362,287904.5
1363,275722.1
1364,285578.5
1365,977605.865
1366,323397.51
1367,441776.6958333333
1368,354542.99
1369,357717.16
1370,596657.185
1371,355302.655
1372,529536.0
1373,720911.01
1374,478233.2
1375,508293.8
1376,263962.37
1377,366117.115
1378,791248.525
1379,208928.14625
1380,344882.775
1381,168255.5
1382,398064.0
1383,325127.82
1384,431844.25
1385,576742.3
1386,406020.91
1387,732799.45
1388,447243.79049999994
1389,399217.0
1390,279136.225
1391,416657.6916666667
1392,549137.19
1393,485614.255
1394,447286.14
1395,675322.91
1396,1031902.64
1397,382759.33
1398,386823.82
1399,865276.22
1400,238598.375
1401,985105.745
1402,888596.4333333332
1403,313049.365
1404,987178.7
1405,280552.115
1406,340858.325
1407,485070.605
1408,269288.9583333334
1409,307428.35
1410,234031.85333333333
1411,366084.04
1412,428112.5
1413,491806.98
1414,433600.005
1415,421558.125
1416,395568.835
1417,811624.225
1418,789154.5
1419,379345.6
1420,450646.75
1421,428101.0
1422,925078.43
1423,666499.45
1424,257464.975
1425,305081.8
1426,388123.075
1427,185259.37
1428,1067288.5
1429,458724.43
1430,702495.7033333335
1431,188218.6
1432,306633.9166666666
1433,1040276.35
1434,361455.19
1435,477679.9
1436,537732.68
1437,222646.0
1438,182438.0833333333
1439,433754.18
1440,397984.87
1441,585864.335
1442,198717.75
1443,369490.2
1444,360541.45
1445,375906.9
1446,194969.035
1447,422236.6
1448,556286.755
1449,640435.635
1450,348266.4
1451,328153.61
1452,714044.24
1453,181421.7304166667
1454,378796.82
1455,241910.235
1456,485766.6
1457,992100.11
1458,1525458.2
1459,237231.07
1460,944777.33
1461,580630.75
1462,421008.58
1463,236845.81
1464,635633.225
1465,238371.515
1466,295064.8
1467,862920.85
1468,2366599.4
1469,589860.525
1470,287613.14
1471,398421.275
1472,330525.6866666667
1473,257645.17
1474,536345.345
1475,319966.5
1476,416382.18
1477,317584.0
1478,305342.095
1479,427647.625
1480,356901.985
1481,741758.75
1482,461762.91
1483,337860.625
1484,851193.75
1485,749696.09
1486,370544.95
1487,360657.21
1488,1772995.35
1489,384560.585
1490,687640.225
1491,839093.645
1492,495999.24
1493,508566.0
1494,681841.375
1495,432882.75
1496,344151.26333333337
1497,398796.5
1498,318422.5
1499,442478.545
1500,350199.22
1501,616299.955
1502,864542.33
1503,996174.05
1504,1286464.52
1505,707871.44
1506,461067.95
1507,402457.415
1508,351516.1041666666
1509,392841.5
1510,257986.515
1511,315881.805
1512,685106.63
1513,299598.1
1514,649356.035
1515,500470.32
1516,515344.835
1517,258740.775
1518,261043.5
1519,802854.72
1520,930940.435
1521,760990.55
1522,458044.25
1523,785469.25
1524,666045.0
1525,202582.0
1526,831829.935
1527,910326.875
1528,370797.0
1529,227598.6880952381
1530,408623.5
1531,476588.83333333326
1532,572618.315
1533,595878.315
1534,653144.005
1535,610795.0
1536,611328.745
1537,285378.015
1538,810938.145
1539,272212.775
1540,342937.1866666667
1541,297893.75
1542,326994.25
1543,329993.86
1544,945787.375
1545,230518.0
1546,248692.72333333336
1547,587717.91
1548,454575.805
1549,398693.2625
1550,427209.475
1551,1416251.0
1552,1263449.4
1553,661998.235
1554,247680.75
1555,207004.955
1556,842097.95
1557,399839.04
1558,296239.225
1559,329267.48
1560,359915.25
1561,700567.88
1562,355250.7857142857
1563,1734851.17
1564,393825.0
1565,1187006.525
1566,667731.61
1567,247054.525
1568,925957.2
1569,314169.65
1570,602492.25
1571,411692.0
1572,852954.13
1573,449780.04
1574,471083.72
1575,671982.86
1576,686517.71
1577,433118.07
1578,666365.9
1579,710469.875
1580,502415.75
1581,336031.25
1582,398783.41
1583,390107.57
1584,370868.625
1585,374131.915
1586,845602.985
1587,1350299.13
1588,174399.66833333336
1589,753103.76
1590,258986.165
1591,269704.67
1592,148185.0
1593,504718.745
1594,1338263.7
1595,281129.775
1596,637245.435
1597,804333.09
1598,347475.185
1599,1533187.45
1600,727229.4
1601,330756.76
1602,762857.7
1603,422971.75
1604,551781.475
1605,502064.54
1606,707496.415
1607,182144.32333333333
1608,615201.0
1609,411967.24
1610,237587.235
1611,1519683.8
1612,311493.8
1613,441002.89
1614,236300.75
1615,489247.575
1616,241040.25
1617,610883.24
1618,470223.88
1619,636176.41
1620,378223.85
1621,729557.18
1622,311253.965
1623,1007928.5
1624,595073.75
1625,224703.86666666667
1626,2036616.05
1627,814419.75
1628,443135.55
1629,274994.025
1630,664200.5
1631,645741.915
1632,200048.59
1633,569558.72
1634,412640.325
1635,437249.6
1636,763496.25
1637,332532.5
1638,640417.1
1639,1358983.5
1640,191587.12
1641,352412.205
1642,653544.025
1643,366386.11
1644,896485.7216666666
1645,400875.745
1646,230905.0
1647,531419.9
1648,267386.095
1649,308633.25
1650,276755.535
1651,354057.5
1652,173069.595
1653,347875.52
1654,562905.0
1655,961561.45
1656,393971.76
1657,363739.25
1658,306783.405
1659,709267.36
1660,546679.575
1661,728121.4
1662,322849.865
1663,302469.835
1664,616017.5
1665,627513.05
1666,950167.475
1667,600674.125
1668,427551.455
1669,912995.0
1670,503289.83333333326
1671,588583.805
1672,280263.905
1673,541878.995
1674,365622.58
1675,560840.295
1676,472587.07
1677,282076.6
1678,713315.1
1679,409097.39
1680,783625.845
1681,497091.25
1682,303088.835
1683,468058.585
1684,574999.25
1685,500772.13
1686,1090016.95
1687,451849.87500000006
1688,397209.5
1689,485345.61
1690,466662.75
1691,566333.475
1692,479670.315
1693,761267.29
1694,656273.0
1695,779646.31
1696,530732.235
1697,546671.1666666667
1698,1365550.3
1699,257356.13
1700,247104.39
1701,635586.44
1702,475477.075
1703,349701.13
1704,283336.05
1705,724534.39
1706,176575.5
1707,875439.5
1708,981301.675
1709,1495232.1
1710,728932.1
1711,440056.35
1712,274707.15
1713,401481.82
1714,281615.5
1715,1093369.285
1716,993246.85
1717,1219791.915
1718,333649.75
1719,447802.0
1720,354985.02
1721,387293.07
1722,268164.375
1723,509014.625
1724,427849.995
1725,336857.5
1726,394570.875
1727,314745.2
1728,165181.1125
1729,569755.11
1730,394770.075
1731,474993.025
1732,1182690.9166666667
1733,795606.3
1734,352534.175
1735,1342526.0
1736,641723.26
1737,745211.75
1738,242825.245
1739,729652.29
1740,571131.875
1741,511278.86
1742,241334.3
1743,584081.54
1744,765327.88
1745,419230.36
1746,945462.5
1747,425925.05
1748,728919.5409523809
1749,336070.295
1750,490854.855
1751,639918.445
1752,337465.45
1753,481244.155
1754,1121380.8
1755,543113.12
1756,630598.505
1757,1428577.25
1758,352108.14
1759,376532.235
1760,296288.72
1761,350792.815
1762,521852.5
1763,696501.76
1764,466874.75
1765,439235.66
1766,469712.25
1767,489527.25
1768,272622.0
1769,310613.595
1770,841964.295
1771,553736.975
1772,217213.77583333332
1773,331136.42
1774,671110.895
1775,671159.25
1776,1160239.7833333334
1777,192291.405
1778,437476.025
1779,224043.66833333336
1780,211952.625
1781,672315.73
1782,234444.25
1783,1067606.97
1784,799308.75
1785,582868.71
1786,871015.515
1787,351824.4147619048
1788,669623.225
1789,290219.645
1790,748705.25
1791,372568.9766666666
1792,1087325.9
1793,349779.115
1794,556668.7916666666
1795,337158.75
1796,330509.3
1797,434715.6166666667
1798,231674.635
1799,237594.575
1800,432507.35
1801,272864.6866666667
1802,252929.26
1803,256911.125
1804,726712.105
1805,364222.45
1806,287963.745
1807,1188946.71
1808,363963.2857142857
1809,552547.22
1810,772939.2383333334
1811,954603.48
1812,314287.25
1813,726341.95
1814,581128.325
1815,434687.8
1816,2324088.0
1817,1140841.75
1818,272177.325
1819,807848.28
1820,547879.005
1821,269940.0
1822,517623.5
1823,556234.25
1824,664391.125
1825,445479.5
1826,581825.0
1827,265595.92
1828,497202.375
1829,411351.44
1830,429892.365
1831,338568.01
1832,510236.69
1833,758617.5
1834,339071.5
1835,568143.475
1836,478943.69
1837,260156.04
1838,543344.875
1839,1014353.275
1840,318125.47
1841,575406.4133333333
1842,479304.3
1843,588384.875
1844,1961518.55
1845,689835.32
1846,744366.515
1847,369118.96
1848,293764.675
1849,989166.765
1850,457091.0
1851,248822.2
1852,718962.975
1853,344165.5
1854,803593.0
1855,349743.605
1856,695540.53
1857,674927.375
1858,1008673.29
1859,710350.75
1860,286899.54625
1861,198152.25
1862,237171.5
1863,931310.765
1864,789778.24
1865,428275.7
1866,781929.675
1867,470932.925
1868,251126.26
1869,413393.805
1870,401884.625
1871,307917.38
1872,333885.515
1873,811685.25
1874,268043.665
1875,375850.82
1876,243624.745
1877,338033.85
1878,337779.2
1879,390618.01
1880,337760.02
1881,754028.75
1882,307455.25
1883,213620.86625
1884,452273.85
1885,604080.0
1886,667957.44
1887,232197.795
1888,288077.25
1889,307253.4
1890,211173.875
1891,470969.89
1892,371686.75
1893,428790.425
1894,306717.4125
1895,557640.63
1896,262541.545
1897,465563.665
1898,645697.45
1899,442763.21
1900,320109.75
1901,810301.25
1902,865455.555
1903,464421.565
1904,275471.425
1905,2512453.0
1906,396977.67
1907,260262.92
1908,355124.235
1909,337311.96
1910,830562.495
1911,306444.845
1912,313857.0675
1913,519377.69
1914,839909.25
1915,513674.35
1916,314287.625
1917,702182.68
1918,1116001.755
1919,245458.4
1920,284305.0
1921,515402.5
1922,591692.105
1923,608012.005
1924,586565.35
1925,594602.925
1926,453880.72
1927,703229.86
1928,1569719.15
1929,387943.22
1930,274605.4733333334
1931,683626.125
1932,418616.49966666667
1933,208276.8333333333
1934,485397.5
1935,322660.865
1936,794175.3
1937,679683.93
1938,602660.495
1939,513231.3833333333
1940,612820.595
1941,589314.98
1942,1295289.25
1943,348056.855
1944,267363.24
1945,468740.485
1946,702513.495
1947,269109.895
1948,1313606.025
1949,264781.955
1950,228853.04
1951,568360.355
1952,704414.33
1953,374050.88
1954,404829.05
1955,484409.485
1956,490131.1983333333
1957,336987.87
1958,364857.995
1959,391076.66
1960,159006.7916666667
1961,1019913.75
1962,614527.375
1963,775004.305
1964,1222069.09
1965,430346.67
1966,275126.14166666666
1967,279347.25
1968,630931.78
1969,511712.25
1970,479320.4166666666
1971,995082.0
1972,366470.89
1973,301248.83
1974,874347.25
1975,495188.82833333337
1976,434698.4
1977,273068.22833333333
1978,480802.0125
1979,3339133.25
1980,185736.06666666668
1981,277040.695
1982,547698.25
1983,786252.275
1984,170851.235
1985,436487.48
1986,636288.0
1987,904892.525
1988,613233.375
1989,776757.39
1990,424372.985
1991,548992.545
1992,2358577.0
1993,496848.01
1994,290461.1
1995,331507.995
1996,446131.39
1997,1499414.25
1998,425636.68
1999,1005142.02
2000,401355.725
2001,314066.725
2002,474201.33
2003,258512.485
2004,289262.565
2005,1262348.335
2006,357065.95
2007,364901.5
2008,439496.595
2009,267594.37
2010,385624.95
2011,684538.24
2012,430920.0
2013,517117.25
2014,1851463.0
2015,395285.475
2016,1135247.92
2017,710098.69
2018,345208.02
2019,258004.795
2020,868111.17
2021,591149.3
2022,308081.9
2023,661679.67
2024,413132.1
2025,762777.275
2026,665629.115
2027,533091.03
2028,410932.875
2029,490981.06666666665
2030,276130.915
2031,251034.58333333337
2032,609715.225
2033,485250.8214285715
2034,898559.775
2035,395249.255
2036,525791.975
2037,388174.54
2038,313545.34
2039,437633.37
2040,494931.27
2041,401319.25
2042,245432.875
2043,225747.225
2044,214867.25
2045,424846.405
2046,187123.725
2047,302743.19
2048,362518.0
2049,469608.615
2050,403614.5433333333
2051,905228.7416666667
2052,794496.41
2053,473613.17
2054,1073641.5
2055,569980.245
2056,226747.165
2057,816933.575
2058,1711005.45
2059,517510.11
2060,486212.875
2061,407952.0
2062,632680.5
2063,316454.115
2064,377827.32
2065,430860.6875
2066,238250.12
2067,551324.5
2068,514962.04
2069,318970.09375
2070,210240.7
2071,354850.94
2072,894062.15
2073,761779.32
2074,642275.0
2075,881717.75
2076,1206155.25
2077,458481.0
2078,352412.25
2079,267252.645
2080,399040.605
2081,243593.75
2082,243064.25
2083,604367.34
2084,344138.325
2085,246382.8075
2086,258893.765
2087,564847.75
2088,375160.26
2089,333871.84375
2090,356870.4
2091,589915.0
2092,513646.935
2093,789631.245
2094,956036.975
2095,372430.8083333333
2096,303951.185
2097,244140.1666666667
2098,670239.5
2099,225203.145
2100,497266.94
2101,828105.435
2102,318915.775
2103,452890.94
2104,1160478.75
2105,502660.0
2106,570785.0833333334
2107,509525.2
2108,396908.4
2109,529761.19
2110,796790.69
2111,530160.625
2112,420805.75
2113,313244.83
2114,323008.5
2115,775683.17
2116,272244.7533333333
2117,839118.945
2118,404924.615
2119,527715.25
2120,429817.95
2121,442862.85
2122,547710.54
2123,609499.64
2124,853485.1
2125,356883.23
2126,508603.0
2127,717112.625
2128,782501.35
2129,292109.46
2130,311176.65
2131,548532.74
2132,477593.5949999999
2133,712880.57
2134,419970.74
2135,457578.1
2136,720713.24
2137,330447.375
2138,388539.6
2139,594627.605
2140,739432.6
2141,1272711.14
2142,1175146.435
2143,302044.1866666667
2144,288874.01
2145,294318.02
2146,439907.6
2147,346607.525
2148,409514.0
2149,133778.75
2150,441716.75
2151,1343612.45
2152,869775.185
2153,477893.375
2154,703234.65
2155,621382.91
2156,567195.525
2157,207886.805
2158,954822.5
2159,309510.75
2160,309713.965
2161,286130.33
2162,264975.0
2163,436012.99333333335
2164,558361.5
2165,608778.145
2166,384902.0
2167,561966.485
2168,929133.75
2169,182206.5416666667
2170,937952.99
2171,481318.27666666673
2172,1100138.0833333333
2173,302153.375
2174,259261.73000000004
2175,659522.625
2176,542354.94
2177,540333.36
2178,279532.31
2179,230592.8
2180,351082.475
2181,627288.1816666666
2182,338477.595
2183,432244.25
2184,390887.88
2185,601121.35
2186,464429.595
2187,328446.0125
2188,639248.5
2189,797089.75
2190,1256068.05
2191,364915.42
2192,300658.18
2193,388894.0
2194,619022.43
2195,244204.59833333333
2196,634411.135
2197,328374.7625
2198,651745.3
2199,278200.9
2200,310212.65
2201,1926395.45
2202,492113.7
2203,366590.81
2204,453419.7
2205,1851457.65
2206,282805.9
2207,253369.0
2208,720736.52
2209,439104.5
2210,985396.3
2211,433484.3083333333
2212,666616.75
2213,356645.6
2214,226828.525
2215,616718.05
2216,432857.75
2217,453569.865
2218,230154.235
2219,312615.75
2220,1019138.085
2221,362029.5
2222,860416.34
2223,233177.325
2224,435914.125
2225,316063.735
2226,535444.9
2227,583761.68
2228,359142.0
2229,334571.47
2230,571359.4866666667
2231,346880.165
2232,5749667.25
2233,375014.25
2234,201636.25
2235,394459.5
2236,265887.45
2237,665585.25
2238,849029.685
2239,343956.44
2240,603155.535
2241,622659.06
2242,586119.75
2243,600843.685
2244,545775.25
2245,432735.15
2246,1099047.14
2247,263090.025
2248,677916.67
2249,477776.69
2250,714697.88
2251,228893.75
2252,726041.1666666665
2253,296924.75
2254,276281.005
2255,439463.745
2256,665673.76
2257,288006.15
2258,597183.495
2259,223981.405
2260,2033652.95
2261,596694.31
2262,401085.005
2263,761586.5
2264,548133.6333333333
2265,326415.56
2266,1562718.85
2267,702753.575
2268,521649.885
2269,648132.84
2270,487646.3133333333
2271,360715.435
2272,514794.28833333333
2273,586491.425
2274,514624.515
2275,377952.38
2276,321182.525
2277,453292.6666666666
2278,682152.5
2279,422809.78
2280,351828.25
2281,611333.745
2282,804955.94
2283,514059.05
2284,441915.49
2285,381840.7333333333
2286,426823.675
2287,241696.75
2288,1109538.94
2289,525878.11
2290,572303.65
2291,330254.25
2292,727355.41
2293,546578.65
2294,302992.59
2295,238727.715
2296,594354.5
2297,324592.88666666666
2298,297427.935
2299,245193.01
2300,519238.58333333326
2301,263772.25
2302,626039.785
2303,443612.67
2304,438820.465
2305,1131273.25
2306,640444.035
2307,235824.75
2308,1215700.0
2309,1115581.25
2310,275639.75
2311,406808.35
2312,726495.565
2313,456954.5
2314,247981.66416666665
2315,521133.84166666673
2316,996329.75
2317,597231.02
2318,366831.29
2319,567664.015
2320,445912.24
2321,466281.695
2322,920776.77
2323,355226.125
2324,1535329.0
2325,493031.055
2326,302652.885
2327,977300.15
2328,282728.195
2329,193793.75
2330,481486.775
2331,362664.5
2332,816374.235
2333,238491.225
2334,387304.75
2335,154438.40416666667
2336,254954.75
2337,996368.38
2338,1489867.73
2339,401378.785
2340,430867.575
2341,237127.25
2342,968771.5
2343,260437.325
2344,821245.895
2345,573460.165
2346,348198.08333333326
2347,269414.38166666665
2348,1841409.8
2349,255649.0
2350,541840.845
2351,277963.7875
2352,393255.995
2353,287190.675
2354,415816.19
2355,463719.765
2356,580426.1
2357,310685.625
2358,268836.71
2359,331778.75
2360,243276.14
2361,450154.51
2362,299977.0
2363,1131664.0
2364,592876.28
2365,751087.735
2366,618801.625
2367,876366.0
2368,303883.77
2369,618195.095
2370,333835.995
2371,310327.48
2372,437441.83
2373,1013071.6
2374,644874.98
2375,697297.635
2376,1186705.97
2377,472197.85
2378,459093.2
2379,289963.89
2380,328747.55
2381,375101.015
2382,607529.35
2383,1161224.3
2384,151917.25
2385,443323.76
2386,517587.36
2387,368352.86
2388,763270.62
2389,598941.75
2390,342379.51
2391,429112.25
2392,263769.925
2393,356901.31
2394,715351.07
2395,390101.0
2396,452932.75
2397,389574.8
2398,286803.87
2399,756708.5
2400,405977.165
2401,384364.995
2402,275837.4666666666
2403,864294.14
2404,635548.16
2405,389534.28
2406,367992.04
2407,305031.0
2408,632116.83
2409,199893.615
2410,262251.73
2411,303949.625
2412,580835.4
2413,645478.12
2414,324835.8983333333
2415,276536.88
2416,231240.265
2417,441031.32
2418,438402.68
2419,528878.0
2420,406393.5
2421,255094.8
2422,1901833.5
2423,623013.84
2424,303588.09
2425,285857.76
2426,1045151.0
2427,280647.80833333335
2428,318120.955
2429,610281.81
2430,433275.5
2431,326030.75
2432,387526.405
2433,357481.3
2434,177322.5
2435,716376.705
2436,309476.7133333333
2437,360329.625
2438,831193.0
2439,668691.905
2440,510458.25
2441,893780.945
2442,557734.995
2443,444397.58
2444,551928.25
2445,949452.72
2446,319315.845
2447,507768.0
2448,186744.2575
2449,481534.85
2450,407900.995
2451,439820.45
2452,420948.25
2453,515751.525
2454,1032814.375
2455,487356.0
2456,255735.72
2457,236669.375
2458,763280.495
2459,305429.40642857144
2460,715401.5
2461,454322.535
2462,829494.37
2463,349501.965
2464,271030.0
2465,421444.965
2466,418837.495
2467,883430.35
2468,245666.09
2469,260517.5
2470,272669.2
2471,302769.875
2472,645760.285
2473,507279.875
2474,459052.75
2475,513425.44
2476,492449.66666666674
2477,520356.09
2478,877421.075
2479,331109.29
2480,245139.99
2481,581059.9
2482,714382.25
2483,411684.925
2484,735674.495
2485,891080.95
2486,503260.155
2487,267784.995
2488,598823.75
2489,557329.5
2490,962134.05
2491,908357.075
2492,401148.5
2493,323810.14
2494,283403.75
2495,305247.0
2496,840709.48
2497,638293.5
2498,459261.63
2499,655838.805
2500,416387.75
2501,556848.55
2502,531525.485
2503,271719.965
2504,589424.125
2505,3488375.5
2506,548131.445
2507,493372.0
2508,228237.075
2509,267198.75
2510,430568.46
2511,436008.71
2512,294551.21
2513,254724.54
2514,548238.225
2515,688225.96
2516,481135.255
2517,727355.985
2518,842018.345
2519,259938.465
2520,1170566.69
2521,822158.15
2522,382479.119
2523,817792.0616666665
2524,243854.2
2525,436923.25
2526,574853.485
2527,313486.4766666667
2528,392839.66
2529,360229.0
2530,278977.735
2531,750123.565
2532,563966.89
2533,379591.47
2534,1073550.33
2535,310745.0083333333
2536,209382.6133333333
2537,664508.135
2538,1554894.75
2539,238957.92
2540,871105.585
2541,516826.255
2542,729412.995
2543,611982.5
2544,250110.0
2545,523072.42833333334
2546,674948.375
2547,397959.345
2548,1194444.875
2549,194949.15
2550,445702.21
2551,495164.2
2552,471821.75
2553,425134.475
2554,225760.265
2555,265935.705
2556,252659.62
2557,506168.2
2558,231504.125
2559,423473.5
2560,612521.14
2561,444506.725
2562,569620.075
2563,289596.005
2564,284176.915
2565,472402.615
2566,566172.25
2567,696457.55
2568,435161.05
2569,304008.9575
2570,528368.0633333334
2571,767562.99
2572,378071.44
2573,218973.9229166667
2574,317648.52166666667
2575,187552.2916666667
2576,775570.37
2577,276080.1
2578,421498.1933333333
2579,277067.065
2580,451233.905
2581,761776.375
2582,763810.5
2583,410800.75
2584,412350.325
2585,670528.25
2586,477134.305
2587,396832.0
2588,569914.14
2589,195089.11476190473
2590,406950.495
2591,374655.24
2592,272587.54
2593,755671.5
2594,756438.365
2595,357627.705
2596,288580.115
2597,482791.625
2598,976908.5
2599,288371.855
2600,464328.57
2601,637249.725
2602,331610.59
2603,142429.3938095238
2604,728920.0
2605,1745831.15
2606,674454.31
2607,275648.95
2608,358226.15
2609,597456.25
2610,892711.99
2611,611985.54
2612,243005.27
2613,389787.25
2614,307251.64
2615,1454044.06
2616,463500.37
2617,572492.2666666667
2618,527612.8
2619,1672632.25
2620,388749.95
2621,597062.405
2622,651982.765
2623,700232.75
2624,348273.115
2625,1165405.545
2626,327317.875
2627,348640.925
2628,500230.5
2629,342489.58
2630,533169.0
2631,356196.505
2632,382712.30083333334
2633,710183.0
2634,288201.53
2635,336846.335
2636,322415.65
2637,285762.9583333333
2638,317924.58
2639,423281.1
2640,1516429.75
2641,505671.16
2642,236570.955
2643,550528.0
2644,442784.5
2645,222160.795
2646,568709.84
2647,821210.19
2648,331339.125
2649,379199.9
2650,585136.5
2651,326822.53
2652,625092.2383333334
2653,205969.705
2654,2705709.0
2655,271236.93333333335
2656,974667.4
2657,332718.0
2658,567064.45
2659,322267.875
2660,570613.01
2661,512452.895
2662,206234.83333333337
2663,659985.89
2664,604918.37
2665,315779.965
2666,572637.25
2667,400757.65
2668,995443.14
2669,1111608.725
2670,793302.97
2671,230060.41
2672,435518.335
2673,418029.78375
2674,450865.5
2675,1166428.75
2676,328990.0
2677,703506.2
2678,409893.52
2679,692728.655
2680,648091.22
2681,334137.98
2682,277058.0
2683,242104.17523809522
2684,339370.0
2685,581254.5333333333
2686,477480.93
2687,860251.28
2688,783650.885
2689,706934.985
2690,526638.715
2691,512900.795
2692,253229.57666666672
2693,432054.62
2694,766673.93
2695,569743.0
2696,968034.25
2697,1650205.3
2698,322147.36
2699,492792.305
2700,667223.355
2701,335909.7
2702,548069.09
2703,320386.0
2704,821289.75
2705,730121.325
2706,690103.64
2707,482699.25
2708,526008.75
2709,233878.075
2710,497733.425
2711,351151.745
2712,763731.25
2713,327192.58
2714,680604.0
2715,783787.765
2716,755812.485
2717,191831.25
2718,559508.01
2719,443726.5258333334
2720,235567.275
2721,353844.315
2722,487374.225
2723,343066.365
2724,407225.515
2725,548242.0
2726,1551085.49
2727,242425.385
2728,389543.75
2729,402017.05
2730,427026.675
2731,321992.05
2732,397158.34
2733,2859512.75
2734,417521.11
2735,550048.0
2736,315913.125
2737,580753.375
2738,268996.45
2739,358295.525
2740,903299.75
2741,716570.49
2742,320236.225
2743,395749.75
2744,314161.005
2745,611655.86
2746,307609.64
2747,540841.02
2748,307129.665
2749,534906.25
2750,276809.7
2751,380377.575
2752,474760.5
2753,933268.5
2754,720960.515
2755,454668.35
2756,225937.15
2757,596058.5716666667
2758,461598.0
2759,575563.745
2760,898916.9
2761,1149110.44
2762,261776.82
2763,320256.125
2764,536645.0
2765,678567.8333333335
2766,228105.475
2767,232189.045
2768,455630.5
2769,335989.745
2770,908117.6
2771,330888.4
2772,480344.36
2773,278751.5
2774,662414.75
2775,663043.455
2776,421852.825
2777,417268.75
2778,400392.275
2779,329662.26
2780,398193.37
2781,441853.75
2782,452908.75
2783,748396.0
2784,240707.2
2785,425156.105
2786,1710298.8
2787,344782.78
2788,1518575.95
2789,545247.0
2790,588509.0
2791,396268.2
2792,1006178.4
2793,422623.845
2794,774807.46
2795,518601.53
2796,654317.545
2797,893443.585
2798,321811.84
2799,254226.46666666667
2800,425361.25
2801,478946.5
2802,641978.44
2803,547886.03
2804,502661.12
2805,514667.405
2806,152840.5
2807,807329.475
2808,626951.39
2809,1622029.6
2810,802344.975
2811,574344.945
2812,430385.16333333333
2813,589819.725
2814,424020.5
2815,436546.14
2816,713888.435
2817,361356.625
2818,189063.04166666663
2819,221929.125
2820,1207230.5
2821,439539.135
2822,204149.045
2823,311854.63
2824,427099.01
2825,497694.185
2826,403840.88
2827,1363835.15
2828,484930.23
2829,264666.61
2830,216137.25
2831,1967482.5
2832,287544.75
2833,383686.615
2834,407559.475
2835,656455.09
2836,737360.395
2837,752087.2
2838,549024.75
2839,354292.125
2840,352567.05
2841,1243686.185
2842,214922.65
2843,290678.73
2844,239451.095
2845,533554.0
2846,383539.26
2847,442456.0
2848,390496.0
2849,245603.075
2850,602465.215
2851,472397.15
2852,322696.68
2853,225838.83833333332
2854,381219.445
2855,389099.2
2856,569977.905
2857,258998.68333333332
2858,759341.43
2859,283752.0
2860,765351.89
2861,259286.38
2862,444379.5
2863,401090.495
2864,1006515.85
2865,282319.2075
2866,507340.34
2867,340333.85
2868,656449.975
2869,343169.25
2870,348106.265
2871,499058.85
2872,1830363.0
2873,273092.125
2874,920439.05
2875,216352.65
2876,496185.395
2877,651457.495
2878,692031.7
2879,657162.75
2880,660604.05
2881,643366.73
2882,416044.12
2883,267321.28
2884,535270.64
2885,289593.5
2886,542984.57
2887,251310.35
2888,872567.255
2889,1326360.6
2890,460892.25
2891,180726.81666666668
2892,190088.45
2893,1383951.5
2894,229340.8333333333
2895,241110.95
2896,288932.75
2897,438482.175
2898,631510.33
2899,666330.65
2900,420832.5
2901,304477.53
2902,1309225.615
2903,432898.75
2904,361619.155
2905,1220383.75
2906,1466430.0
2907,1385012.25
2908,244013.25
2909,536525.0
2910,404773.21041666664
2911,521664.55
2912,491144.825
2913,764276.94
2914,789828.35
2915,552003.945
2916,583121.745
2917,543725.125
2918,361642.56
2919,544996.125
2920,420610.575
2921,524715.875
2922,281766.85
2923,431696.63
2924,485425.69
2925,362315.065
2926,463360.63
2927,526833.0
2928,280679.25
2929,248856.5166666667
2930,434705.73
2931,407127.65
2932,474086.3625
2933,430284.58
2934,321111.855
2935,2304856.75
2936,972780.7633333333
2937,538075.1
2938,297344.89
2939,569292.185
2940,1273304.75
2941,593873.815
2942,645137.84
2943,395190.925
2944,533229.095
2945,295883.96
2946,260079.57
2947,639278.465
2948,248153.185
2949,239659.665
2950,377815.5
2951,197269.375
2952,1133546.705
2953,860324.915
2954,683583.5
2955,490803.875
2956,574034.96
2957,2440356.8
2958,474295.105
2959,509062.715
2960,632057.35
2961,513142.08
2962,654398.99
2963,190970.83666666664
2964,640263.025
2965,493118.1666666666
2966,448972.615
2967,329171.225
2968,710963.66
2969,489701.0
2970,644985.03
2971,423225.5
2972,197736.75
2973,209789.0
2974,397068.825
2975,244169.75
2976,346409.25
2977,204718.8
2978,419144.35
2979,219370.90666666665
2980,647974.75
2981,701326.505
2982,223624.5
2983,627976.425
2984,293067.38
2985,269881.7483333333
2986,226542.75
2987,463636.06
2988,818492.15
2989,542505.775
2990,749216.4
2991,876142.12
2992,968613.78
2993,747125.2
2994,326385.5833333333
2995,449586.835
2996,471249.1
2997,504234.375
2998,1132281.0
2999,454980.615
3000,132947.75
3001,312963.8225
3002,352189.2
3003,489445.42
3004,275015.1616666667
3005,624070.955
3006,366008.75
3007,759369.25
3008,426896.2
3009,545918.89
3010,408294.29
3011,570237.35
3012,420105.1
3013,254128.7333333333
3014,814622.0
3015,513349.9
3016,573107.53
3017,280874.97
3018,453326.01
3019,1539053.25
3020,504332.04
3021,392905.425
3022,586442.75
3023,429909.725
3024,243943.545
3025,574846.705
3026,299671.925
3027,357874.225
3028,669136.265
3029,174795.6
3030,316802.97
3031,350877.31
3032,322352.82
3033,300306.25
3034,302149.35
3035,229173.28
3036,795767.795
3037,552912.0
3038,1016865.75
3039,412955.0
3040,391458.35
3041,442704.0
3042,429021.6
3043,1538564.5
3044,368758.475
3045,399126.44
3046,306904.1
3047,439626.315
3048,828776.5
3049,447946.44
3050,452169.83
3051,230219.875
3052,1068136.6
3053,561935.25
3054,239388.435
3055,221014.92125
3056,385883.0
3057,711787.25
3058,426568.425
3059,459571.995
3060,567153.665
3061,143453.70833333334
3062,226273.595
3063,228494.305
3064,314826.98333333334
3065,402757.19
3066,597053.585
3067,798938.27
3068,636148.375
3069,929464.575
3070,437006.88833333337
3071,919721.94
3072,472158.59
3073,252021.9375
3074,467947.8
3075,219431.90166666664
3076,786890.75
3077,402165.07
3078,408249.06
3079,416863.85
3080,389078.105
3081,399718.3
3082,1813777.1
3083,1080350.2
3084,971510.15
3085,908567.205
3086,488590.5
3087,567105.815
3088,1709192.5
3089,650095.885
3090,452606.425
3091,395283.51
3092,316943.83499999996
3093,580360.905
3094,402284.44
3095,2410524.55
3096,714500.705
3097,936039.54
3098,338522.22
3099,324852.74
3100,250345.375
3101,206647.45
3102,730185.575
3103,550167.25
3104,654950.02
3105,678261.56
3106,574594.56
3107,1019197.755
3108,462961.935
3109,297918.3
3110,909398.05
3111,250196.885
3112,555897.47
3113,654414.2
3114,450298.95
3115,381630.585
3116,401546.25
3117,361222.645
3118,2019907.25
3119,399747.75
3120,257455.46
3121,411957.0
3122,305401.66
3123,452269.525
3124,267724.955
3125,266166.75
3126,307161.54
3127,421173.3
3128,379403.1
3129,359633.3
3130,276910.87
3131,641916.86
3132,511816.355
3133,213313.9166666667
3134,551918.8
3135,967833.06
3136,323143.135
3137,606141.25
3138,362488.19
3139,1073769.25
3140,532172.55
3141,323869.94
3142,583570.75
3143,433917.1
3144,1546408.45
3145,351979.725
3146,585982.0
3147,414161.76
3148,512312.95
3149,424126.0
3150,228921.395
3151,1409044.35
3152,388047.355
3153,934822.76
3154,523033.45
3155,374940.25
3156,517017.895
3157,674325.21
3158,511863.5
3159,197463.85
3160,185772.26833333337
3161,234820.41416666665
3162,662702.21
3163,545721.5
3164,333789.985
3165,261223.75
3166,272752.84
3167,193700.745
3168,2556926.25
3169,339533.725
3170,427378.75
3171,715074.17
3172,461342.0
3173,204177.505
3174,265951.11
3175,744109.375
3176,1646388.55
3177,843842.7
3178,518697.675
3179,923473.815
3180,1797655.15
3181,1435021.8
3182,479491.9
3183,483189.92
3184,586729.75
3185,265896.235
3186,295820.13
3187,478177.125
3188,810568.675
3189,206794.01071428572
3190,742329.23
3191,432863.185
3192,1121313.69
3193,2218854.75
3194,529183.25
3195,3337413.5
3196,186947.54
3197,845315.82
3198,1405716.816666667
3199,389929.15
3200,522712.05
3201,650946.26
3202,528489.25
3203,245525.0
3204,974856.575
3205,307681.06
3206,227562.49
3207,647252.0
3208,1277068.5
3209,421703.51
3210,257709.795
3211,465797.535
3212,668121.355
3213,543042.175
3214,319114.395
3215,194715.15
3216,998664.29
3217,614739.175
3218,516123.935
3219,558540.0
3220,591277.0
3221,326995.7
3222,276004.5
3223,396261.11
3224,322132.65
3225,527760.395
3226,686447.765
3227,282986.055
3228,334157.845
3229,626626.18
3230,312227.66
3231,1437309.4
3232,411002.52
3233,443871.84
3234,691514.0
3235,1058729.345
3236,322527.275
3237,737817.575
3238,588744.085
3239,236636.25
3240,289121.71166666667
3241,378632.105
3242,667205.0
3243,202015.0
3244,202349.0833333333
3245,374894.75
3246,391193.38
3247,374326.0
3248,378961.7
3249,360226.45
3250,461610.75
3251,568159.745
3252,460777.56
3253,755760.22
3254,440646.85
3255,645181.34
3256,487323.04
3257,423309.75
3258,333113.55
3259,533366.3666666667
3260,550739.92
3261,389960.865
3262,374723.935
3263,403191.35
3264,365518.25
3265,1424583.6
3266,552819.2833333333
3267,643828.5
3268,630624.56
3269,619355.925
3270,312340.655
3271,378563.38
3272,391762.98
3273,367387.65
3274,1544195.15
3275,5993365.0
3276,473389.675
3277,215869.9233333333
3278,540189.7
3279,359830.245
3280,820596.99
3281,327333.3
3282,189917.49
3283,999199.8083333332
3284,532947.5
3285,315593.455
3286,626446.735
3287,336524.75
3288,324745.395
3289,1974992.75
3290,279443.22
3291,270196.985
3292,249759.39
3293,667318.19
3294,410130.38
3295,851844.5
3296,443246.785
3297,476426.6
3298,305585.05
3299,269672.485
3300,372516.95
3301,617742.48
3302,442610.115
3303,955057.46
3304,880905.05
3305,534976.665
3306,530515.5
3307,1060012.32
3308,1184202.6333333333
3309,876638.275
3310,728366.685
3311,398630.75
3312,1062662.5
3313,271245.39666666667
3314,499974.775
3315,746093.0
3316,2131194.5
3317,476256.25
3318,364865.46
3319,417293.68
3320,273607.97
3321,297726.35
3322,464544.625
3323,734652.45
3324,352303.145
3325,366544.58
3326,1402838.5
3327,430582.7
3328,343143.5
3329,293428.9166666667
3330,359642.25
3331,512979.41666666674
3332,366507.2
3333,214956.465
3334,260059.34
3335,832599.41
3336,686451.525
3337,581851.5
3338,1070353.31
3339,461703.45
3340,503064.84
3341,412188.0
3342,488012.735
3343,397596.245
3344,672663.0
3345,212764.99
3346,1296002.79
3347,710465.0
3348,190797.75
3349,257004.75
3350,680885.225
3351,1070969.495
3352,248731.43833333335
3353,556839.375
3354,603140.375
3355,323839.5
3356,345751.625
3357,976746.72
3358,756321.845
3359,464476.65
3360,204253.4
3361,390526.5
3362,259609.55833333332
3363,394663.165
3364,346190.58
3365,416919.4
3366,220444.5483333333
3367,543268.105
3368,279558.75
3369,707147.85
3370,1192080.94
3371,610620.64
3372,782797.075
3373,220547.99
3374,778739.975
3375,439533.1
3376,338017.0
3377,483493.475
3378,592017.63
3379,517124.75
3380,529730.0883333334
3381,438621.63
3382,554381.165
3383,378987.49
3384,533680.8
3385,452981.465
3386,549730.8233333332
3387,426260.75
3388,789982.165
3389,1753997.05
3390,435707.5
3391,355847.16666666674
3392,1408250.9
3393,290564.84
3394,395387.07
3395,475059.25
3396,712134.47
3397,510652.25
3398,373885.54
3399,509805.75
3400,497764.09833333327
3401,229466.49
3402,293871.375
3403,340748.675
3404,854271.265
3405,583322.405
3406,725842.735
3407,308005.99
3408,495262.01
3409,608711.15
3410,544688.29
3411,420406.15
3412,406194.54
3413,385893.145
3414,460683.0
3415,577160.0
3416,532338.43
3417,292173.19
3418,412878.5
3419,196869.75
3420,523011.85
3421,403340.36
3422,357772.1166666667
3423,600939.5
3424,665981.725
3425,841766.225
3426,643928.99
3427,435976.4
3428,1303015.25
3429,184101.345
3430,181130.7083333333
3431,808416.04
3432,354937.38
3433,196299.1525
3434,451075.45
3435,187664.00666666665
3436,235119.0
3437,283276.81
3438,285845.1566666667
3439,475723.15
3440,412572.97
3441,397491.76
3442,395016.325
3443,491447.915
3444,492267.02
3445,355074.0
3446,401532.44
3447,326904.975
3448,524423.0
3449,663071.455
3450,419440.32
3451,883578.7616666666
3452,1603254.75
3453,606386.22
3454,258227.895
3455,487841.36
3456,232961.20833333337
3457,336459.52
3458,588035.0
3459,295347.5
3460,213884.025
3461,633784.01
3462,261779.91
3463,962581.0
3464,164952.1666666667
3465,385947.525
3466,369500.84
3467,483092.78
3468,373260.725
3469,535595.925
3470,225877.615
3471,1885846.25
3472,737719.0
3473,416177.25
3474,1245702.3
3475,721794.125
3476,473253.75
3477,441285.34
3478,440930.25
3479,512687.5
3480,1001289.95
3481,549573.5
3482,367518.75
3483,576440.9
3484,356817.61
3485,288689.1625
3486,531073.75
3487,522541.57666666666
3488,323768.73
3489,246320.275
3490,812837.525
3491,344858.86
3492,643041.89
3493,672063.535
3494,866605.6683333335
3495,635432.38
3496,584803.325
3497,739668.6716666665
3498,544488.2733333333
3499,363876.15
3500,796450.665
3501,184159.3107142857
3502,249077.3125
3503,525721.46
3504,425717.1
3505,588289.5
3506,1077496.1
3507,742930.28
3508,529594.0
3509,1154401.47
3510,898653.35
3511,1750806.5
3512,601034.32
3513,303419.8675
3514,315528.6
3515,304875.165
3516,324093.74
3517,339892.465
3518,1645049.6
3519,227008.01
3520,336443.79
3521,410749.55
3522,753117.79
3523,453479.75
3524,896597.925
3525,373881.975
3526,451404.49
3527,611804.445
3528,310049.875
3529,485879.7
3530,993194.25
3531,404806.315
3532,219649.55
3533,396156.5
3534,331034.65
3535,627545.8
3536,411987.025
3537,851424.775
3538,1132553.525
3539,643384.0
3540,798082.1
3541,233804.86
3542,541966.0
3543,398288.825
3544,296476.355
3545,294644.625
3546,287536.495
3547,390851.14
3548,484406.335
3549,667406.06
3550,203318.375
3551,234997.46
3552,509744.925
3553,518270.15
3554,1038934.7
3555,345629.2616666667
3556,429121.075
3557,301271.27
3558,283961.035
3559,431936.5
3560,401268.51
3561,294102.015
3562,349599.7
3563,369065.225
3564,544399.795
3565,443871.995
3566,489753.9
3567,424578.25
3568,348666.85
3569,406977.6
3570,511525.0
3571,555611.27
3572,549634.29
3573,722179.5
3574,486429.85
3575,434999.025
3576,329177.94
3577,395771.34
3578,383935.4
3579,448817.545
3580,324174.55166666664
3581,445916.5
3582,631117.7
3583,291697.05
3584,435359.25
3585,514515.535
3586,791566.25
3587,316028.19
3588,726255.595
3589,393647.025
3590,296425.30999999994
3591,317741.74
3592,445087.25
3593,526920.36
3594,329192.4116666667
3595,521319.81
3596,328804.56
3597,802985.83
3598,455648.88
3599,479283.0
3600,287945.55
3601,357729.19
3602,223651.465
3603,857536.63
3604,471718.0
3605,422471.25
3606,305839.7
3607,807025.35
3608,248387.75
3609,345863.7
3610,271995.76
3611,1454287.21
3612,1260669.12
3613,753712.7
3614,350234.035
3615,618613.85
3616,312369.1666666666
3617,222086.85
3618,854452.535
3619,608199.0
3620,570504.26
3621,216060.44
3622,483988.685
3623,283416.35
3624,413721.825
3625,237586.32
3626,583382.065
3627,463844.75
3628,204674.94666666666
3629,206492.375
3630,567761.2266666667
3631,454577.14
3632,412658.975
3633,537268.825
3634,243035.365
3635,357489.89
3636,352980.99
3637,702862.18
3638,335046.375
3639,733288.82
3640,259502.23
3641,315210.38
3642,295204.98
3643,507890.0
3644,547613.775
3645,628826.79
3646,283500.245
3647,277522.085
3648,521048.27
3649,660724.75
3650,576529.81
3651,382564.325
3652,304309.185
3653,627719.48
3654,466639.215
3655,622986.25
3656,238097.325
3657,406650.5
3658,375528.81
3659,606632.31
3660,271577.4066666667
3661,368901.03
3662,458647.0833333334
3663,569235.02
3664,610989.375
3665,292589.44
3666,253868.51666666663
3667,692824.495
3668,1613890.04
3669,627921.5
3670,1182743.2000000002
3671,753421.985
3672,567453.7366666667
3673,1517713.7
3674,331842.5
3675,468009.725
3676,606853.625
3677,546970.06
3678,730011.09
3679,425152.5
3680,789339.875
3681,623343.69
3682,507447.25
3683,418959.5
3684,391437.215
3685,363247.835
3686,489867.62
3687,539897.25
3688,323235.875
3689,316927.55833333335
3690,274348.135
3691,856486.5
3692,318479.375
3693,286155.38
3694,349549.075
3695,427837.48
3696,1554983.5
3697,703429.155
3698,321084.5
3699,1146293.2
3700,256945.49
3701,784639.8
3702,281209.1
3703,384474.2
3704,461291.925
3705,756955.84
3706,549773.7
3707,428711.25
3708,729654.725
3709,384092.5
3710,635765.875
3711,799941.445
3712,605245.68
3713,236652.375
3714,384659.35
3715,406662.675
3716,225350.12833333333
3717,903030.5
3718,698108.56
3719,2408189.5833333335
3720,339457.25
3721,468372.9
3722,428133.0
3723,419470.9
3724,424057.925
3725,507987.875
3726,487601.375
3727,215067.875
3728,331295.105
3729,778276.495
3730,248728.12500000003
3731,397167.25
3732,347980.4783333333
3733,625630.77
3734,563548.2
3735,541999.875
3736,421597.93
3737,167273.93
3738,545919.39
3739,667298.585
3740,522286.0
3741,668866.8
3742,373143.4
3743,405617.5
3744,597378.25
3745,225877.375
3746,1196095.585
3747,306679.55
3748,164432.0
3749,414661.925
3750,1907709.9
3751,195432.7083333333
3752,304808.5833333333
3753,475576.245
3754,270559.5
3755,485127.075
3756,649074.19
3757,2750194.25
3758,210254.75
3759,398695.345
3760,401401.73
3761,415168.45
3762,465063.25
3763,509041.44
3764,572322.9683333334
3765,442408.48666666663
3766,247876.43
3767,299261.7
3768,668621.0
3769,623814.15
3770,275357.04
3771,185661.16166666668
3772,557085.6
3773,398961.665
3774,1372347.75
3775,266092.5
3776,675546.605
3777,578020.59
3778,271734.8116666667
3779,207416.85208333327
3780,1256438.485
3781,587589.815
3782,625724.0
3783,484510.43
3784,235984.75
3785,438881.485
3786,443996.675
3787,2256450.0
3788,644947.875
3789,1078080.55
3790,360350.305
3791,776809.175
3792,403040.275
3793,255070.15
3794,289304.25
3795,660275.78
3796,268738.255
3797,251698.515
3798,514112.02666666673
3799,380529.465
3800,1097716.36
3801,256921.86
3802,612042.655
3803,290521.68333333335
3804,581789.32
3805,268876.87
3806,437760.44
3807,419013.6233333333
3808,568464.5
3809,373657.665
3810,711869.75
3811,457960.365
3812,533512.0
3813,367554.695
3814,367572.295
3815,653781.91
3816,478046.5
3817,248754.75
3818,479195.975
3819,436419.045
3820,442432.825
3821,427211.4
3822,518454.25
3823,439374.66
3824,1221602.07
3825,554459.93
3826,535207.485
3827,179242.4664285714
3828,244821.425
3829,595628.375
3830,1675021.75
3831,304714.235
3832,1072571.1283333334
3833,2409290.0
3834,1303820.43
3835,234799.515
3836,257254.15
3837,439737.87
3838,514908.0
3839,374187.29
3840,603463.75
3841,282781.55
3842,248578.145
3843,686526.2
3844,303017.875
3845,540863.16
3846,221830.2916666667
3847,205337.875
3848,522740.475
3849,791342.35
3850,570210.825
3851,267130.05
3852,609481.375
3853,255060.3
3854,621793.085
3855,441091.58
3856,462356.49
3857,372868.78
3858,356862.945
3859,417191.475
3860,336519.25
3861,862572.54
3862,557137.875
3863,307229.325
3864,1818820.85
3865,762080.02
3866,503811.565
3867,373108.19
3868,350782.83
3869,454438.7
3870,765752.815
3871,469194.3
3872,431833.0
3873,362211.18
3874,918757.34
3875,459745.66
3876,511886.5
3877,372804.51
3878,350881.1
3879,309965.78
3880,655917.645
3881,703417.63
3882,197955.88
3883,732708.875
3884,843623.605
3885,437031.07
3886,323220.895
3887,466447.165
3888,583761.68
3889,290955.66
3890,286280.5
3891,938969.375
3892,237432.695
3893,660728.785
3894,344848.1
3895,559555.4166666667
3896,320860.295
3897,190853.73875
3898,700633.45
3899,558956.415
3900,810364.36
3901,282978.755
3902,195680.1666666667
3903,2320975.5
3904,836254.5
3905,229266.29333333336
3906,239406.34833333336
3907,507043.7
3908,577577.925
3909,359077.73
3910,237004.75
3911,373721.67
3912,656289.125
3913,344906.44
3914,360692.5
3915,1012260.5
3916,463045.44
3917,688198.505
3918,218686.465
3919,449790.94
3920,277552.075
3921,492101.8
3922,547885.0
3923,487719.5
3924,403567.79
3925,975157.875
3926,418133.25
3927,459519.415
3928,1078939.4
3929,416477.95
3930,425784.005
3931,475454.005
3932,216265.04571428572
3933,343945.255
3934,377914.24
3935,1578311.25
3936,375641.25
3937,564804.3333333334
3938,538605.4166666666
3939,530420.0
3940,525907.0
3941,560906.5233333333
3942,514606.65
3943,816887.445
3944,1410792.485
3945,770277.1166666667
3946,550523.6516666667
3947,1914496.75
3948,749076.01
3949,501678.18
3950,262429.75
3951,1167541.3833333333
3952,251584.84
3953,630854.4833333334
3954,403312.4
3955,693831.34
3956,1217966.4999999998
3957,232043.08333333337
3958,971620.935
3959,542492.405
3960,559574.39
3961,449102.725
3962,361095.63
3963,247063.75
3964,307136.135
3965,584674.69
3966,1478695.425
3967,715196.75
3968,546663.5
3969,512334.0
3970,365115.385
3971,422431.19
3972,286182.5466666667
3973,340785.91
3974,448297.17
3975,821627.25
3976,1070560.195
3977,325421.625
3978,372329.54
3979,794706.2
3980,382781.025
3981,276329.99
3982,411099.5
3983,734987.25
3984,405462.5
3985,322210.875
3986,311909.67
3987,517420.14
3988,421951.77
3989,1098955.27
3990,765819.8
3991,230457.525
3992,1016033.0
3993,1115285.9
3994,373813.505
3995,340438.935
3996,334962.55
3997,211336.875
3998,908654.26
3999,1703510.5
4000,804889.97
4001,609433.05
4002,288024.6
4003,310803.97
4004,422078.83
4005,230971.625
4006,414040.55
4007,347795.5
4008,308615.335
4009,354563.625
4010,419506.875
4011,796901.885
4012,596465.55
4013,308942.43125
4014,403846.73
4015,351180.02
4016,248615.77
4017,445640.835
4018,207782.3
4019,375643.29
4020,493743.25
4021,317336.68
4022,679545.15
4023,759792.0866666667
4024,408939.94
4025,744246.625
4026,475224.11
4027,612376.9166666666
4028,668761.685
4029,659305.845
4030,597795.415
4031,375863.5
4032,372252.225
4033,213498.47
4034,261654.0
4035,588513.8
4036,215967.375
4037,539733.76
4038,454062.43
4039,857487.59
4040,353297.14
4041,165649.90000000002
4042,518650.45
4043,229171.025
4044,1277446.0
4045,427888.805
4046,354204.735
4047,305584.42
4048,578386.955
4049,762561.31
4050,511585.245
4051,666357.965
4052,571476.085
4053,693445.01
4054,684874.25
4055,358328.245
4056,221707.025
4057,726941.745
4058,976920.25
4059,425332.25
4060,324162.645
4061,1381958.75
4062,463905.72
4063,229419.475
4064,212416.0833333333
4065,494432.69
4066,414609.66
4067,337989.23
4068,735093.0983333334
4069,409202.16
4070,530316.25
4071,764813.165
4072,321986.195
4073,292996.43333333335
4074,1022364.625
4075,520596.85
4076,311590.15
4077,754921.44
4078,584774.3333333334
4079,521741.4
4080,430803.5
4081,400689.5
4082,634463.25
4083,463284.36
4084,952546.01
4085,548782.75
4086,461941.5
4087,695260.0
4088,541171.15
4089,404818.2875
4090,293511.685
4091,289190.39666666667
4092,648649.815
4093,269140.76
4094,714655.34
4095,776832.65
4096,421723.4
4097,355634.8
4098,553290.64
4099,239711.04
4100,813367.25
4101,1169488.295
4102,1264527.1333333335
4103,459985.88
4104,745446.505
4105,590013.45
4106,387316.885
4107,788458.59
4108,1306607.0
4109,434698.725
4110,442765.21
4111,633191.55
4112,305786.695
4113,283339.32
4114,1248553.75
4115,317206.495
4116,360290.21
4117,245199.75
4118,435231.05
4119,553378.75
4120,566066.855
4121,364613.6666666666
4122,214121.6875
4123,293629.5208333334
4124,469334.25
4125,955992.88
4126,627629.21
4127,992970.9
4128,854107.32
4129,523576.455
4130,498136.75
4131,755337.3833333333
4132,320226.18
4133,381496.9233333333
4134,275636.325
4135,372268.31
4136,207472.88
4137,549039.33
4138,404519.135
4139,256499.06
4140,501247.565
4141,365552.085
4142,399325.5
4143,1145774.99
4144,411836.93
4145,340807.97
4146,471289.46
4147,865030.89
4148,1196043.325
4149,433634.245
4150,740411.61
4151,842528.0883333333
4152,576357.375
4153,487376.25
4154,762275.44
4155,533229.88
4156,507436.0
4157,527483.8
4158,494589.345
4159,729094.1
4160,185681.65
4161,420592.75
4162,368587.5
4163,464834.47
4164,205107.505
4165,997667.5
4166,207994.88666666663
4167,517855.13
4168,305919.65
4169,466841.815
4170,461520.625
4171,553654.0
4172,283859.845
4173,760140.975
4174,539506.125
4175,700165.825
4176,646789.89
4177,3202678.75
4178,1087485.29
4179,347755.41
4180,653045.17
4181,575306.625
4182,860762.785
4183,321597.21
4184,431364.4
4185,601813.25
4186,516669.25
4187,576262.75
4188,1461727.0
4189,317205.43
4190,718704.75
4191,324576.82
4192,215713.41666666663
4193,455342.55
4194,741762.935
4195,636627.51
4196,235357.47
4197,561316.55
4198,261402.3
4199,831999.17
4200,400151.065
4201,228078.345
4202,523526.15
4203,487270.115
4204,374802.6
4205,416486.0
4206,672334.665
4207,262959.69
4208,630714.0
4209,740948.25
4210,409098.015
4211,1115831.45
4212,463952.875
4213,449749.505
4214,509603.8833333333
4215,622356.725
4216,218854.3333333333
4217,3941987.5
4218,507255.0
4219,500613.82
4220,368271.0
4221,320974.0
4222,650595.175
4223,578688.41
4224,307922.75
4225,815490.86
4226,1291035.3
4227,708491.12
4228,249020.77
4229,303955.80875
4230,1152879.0833333335
4231,2227858.0
4232,365797.58
4233,321719.25
4234,399095.94
4235,428478.66666666674
4236,496665.75
4237,255886.705
4238,376694.865
4239,866586.05
4240,574459.245
4241,764549.98
4242,598568.875
4243,257062.75000000003
4244,618112.4
4245,646142.485
4246,291022.945
4247,447491.7
4248,597390.78
4249,243118.77833333335
4250,490303.64
4251,677005.24
4252,505252.97
4253,765709.7383333334
4254,381271.75
4255,632120.425
4256,324841.125
4257,720548.0
4258,702863.75
4259,713479.025
4260,698167.15
4261,348327.05
4262,890504.25
4263,285961.74
4264,233763.575
4265,699627.145
4266,425490.5
4267,522280.945
4268,691388.45
4269,891158.655
4270,268120.625
4271,250314.75
4272,1265548.16
4273,388945.15
4274,365259.605
4275,327940.25
4276,555127.45
4277,459575.45
4278,412905.25
4279,344887.05
4280,244562.75
4281,287831.12
4282,270864.08
4283,1671174.9
4284,632354.235
4285,362975.58333333326
4286,685994.925
4287,507489.75
4288,156853.215
4289,359762.5
4290,404713.75
4291,321180.0
4292,474652.56
4293,315534.2
4294,433365.34666666674
4295,638760.5466666666
4296,266360.89
4297,1179970.25
4298,397700.5
4299,531913.9016666667
4300,352492.125
4301,204105.095
4302,634523.085
4303,413487.3
4304,258588.37
4305,358799.18
4306,599720.75
4307,488149.775
4308,1015873.4
4309,229992.125
4310,313263.275
4311,732640.4
4312,343334.51
4313,343063.69
4314,265121.785
4315,539292.2683333333
4316,248879.575
4317,613522.26
4318,320455.16
4319,673816.69
4320,284102.465
4321,567218.935
4322,334459.18
4323,394446.75
4324,282945.95
4325,181519.725
4326,288229.85
4327,485220.725
4328,554601.87
4329,445842.69
4330,748863.985
4331,608743.75
4332,293060.35
4333,263251.325
4334,340651.0
4335,278554.56
4336,217889.75
4337,339697.745
4338,339551.63
4339,392074.625
4340,1166308.07
4341,307328.30833333335
4342,320722.65
4343,792236.25
4344,514607.875
4345,400831.125
4346,262066.2
4347,1030738.01
4348,442660.215
4349,853946.165
4350,616299.94
4351,512365.0883333334
4352,245921.34
4353,430236.75
4354,1099626.05
4355,281918.27
4356,250741.775
4357,527592.75
4358,907888.46
4359,839538.25
4360,463570.0
4361,305590.0
4362,551704.0583333333
4363,715865.75
4364,336391.45
4365,400141.69
4366,346349.47
4367,428875.5
4368,541214.0
4369,994776.0
4370,1296943.975
4371,570285.45
4372,609044.245
4373,568872.25
4374,1053421.2
4375,298026.0375
4376,284201.2925
4377,577958.03
4378,437069.475
4379,276379.18333333335
4380,335444.5
4381,350679.47
4382,292789.64
4383,827850.0
4384,1321391.32
4385,601292.25
4386,461663.78
4387,283593.93
4388,825804.5
4389,323499.05
4390,522703.89
4391,340321.7
4392,504504.635
4393,554417.92
4394,465933.75
4395,544256.875
4396,677320.41
4397,338025.34
4398,335052.25
4399,523164.91666666657
4400,372732.75
4401,568131.0
4402,589024.685
4403,766825.5
4404,596012.945
4405,364303.105
4406,201562.10833333337
4407,394864.14
4408,941303.5
4409,299796.725
4410,216611.3175
4411,197821.27166666664
4412,256951.1
4413,497744.88
4414,327374.15
4415,652014.37
4416,248931.54
4417,424908.89
4418,449102.965
4419,1430222.04
4420,406317.095
4421,481922.505
4422,426564.9886666666
4423,249425.5
4424,384511.62
4425,596111.55
4426,676156.6
4427,633539.375
4428,368948.3
4429,265693.94
4430,430071.335
4431,457324.755
4432,641286.52
4433,358031.5
4434,1662156.2
4435,291630.305
4436,580697.55
4437,282582.695
4438,173169.6875
4439,338539.975
4440,777028.42
4441,1139283.85
4442,461405.695
4443,263638.1066666667
4444,596061.6
4445,480038.69
4446,249693.58
4447,842790.0
4448,402409.135
4449,289909.5775
4450,608849.3333333333
4451,277612.185
4452,244256.75
4453,334046.215
4454,286838.74
4455,309107.5
4456,581115.125
4457,769048.5
4458,894500.11
4459,614168.8333333333
4460,808933.37
4461,307050.945
4462,605482.625
4463,368560.36
4464,396688.0
4465,253515.78
4466,323096.79
4467,415509.75
4468,871755.0
4469,706302.25
4470,286118.49
4471,506459.1666666666
4472,827838.5
4473,944311.85
4474,983463.765
4475,269604.15
4476,767834.5
4477,197379.5833333333
4478,964012.75
4479,403356.33
4480,411864.49
4481,374375.7
4482,849682.535
4483,927440.57
4484,776688.15
4485,452098.73
4486,311486.19
4487,345471.48
4488,194415.35
4489,523153.77
4490,280356.75666666665
4491,267252.645
4492,1309314.17
4493,426353.685
4494,334101.865
4495,605141.72
4496,561798.275
4497,432148.1666666666
4498,507071.3
4499,732254.51
4500,341837.25
4501,1304789.2
4502,407855.99
4503,620053.535
4504,294075.695
4505,308755.92
4506,894167.67
4507,516005.415
4508,468397.605
4509,338616.23
4510,631864.56
4511,458172.75
4512,475963.03
4513,556253.775
4514,736948.67
4515,178870.84166666667
4516,284728.58
4517,901733.77
4518,665385.5
4519,716878.335
4520,359378.425
4521,244462.91
4522,247187.44
4523,320037.175
4524,329505.46
4525,325034.435
4526,308000.85
4527,627239.0
4528,617911.25
4529,316261.25
4530,2043501.1
4531,707568.665
4532,676934.79
4533,494164.48
4534,343802.44
4535,409892.0
4536,221470.57333333333
4537,537409.0
4538,410417.4
4539,2315683.0
4540,489715.335
4541,747333.46
4542,829016.18
4543,459442.175
4544,954706.595
4545,183117.79166666663
4546,278167.56333333335
4547,426702.35
4548,460719.295
4549,720075.25
4550,469300.875
4551,361602.25
4552,465299.025
4553,342009.05
4554,391964.0
4555,676912.935
4556,768202.165
4557,279736.75
4558,195372.45
4559,264428.785
4560,209918.75
4561,716233.845
4562,556397.43
4563,957252.75
4564,1163491.34
4565,628253.41
4566,723041.53
4567,451079.845
4568,383428.17
4569,628405.41
4570,1154299.3
4571,212182.375
4572,1353835.0
4573,368339.07
4574,335359.625
4575,293432.915
4576,654767.845
4577,557121.145
4578,302329.14
4579,272141.415
4580,352335.805
4581,199383.86666666664
4582,763355.0
4583,963267.865
4584,804982.445
4585,174767.63333333333
4586,1140174.31
4587,466694.415
4588,340845.75
4589,1359784.675
4590,348330.145
4591,544315.8588095238
4592,522650.625
4593,446223.605
4594,449728.735
4595,270508.895
4596,350752.4
4597,414301.85
4598,660730.76
4599,595275.75
4600,297652.74
4601,704721.185
4602,501918.75
4603,297245.585
4604,335041.94
4605,989671.7
4606,293379.475
4607,425043.775
4608,242284.125
4609,330036.8
4610,454755.18
4611,327381.425
4612,1209688.095
4613,310077.405
4614,230453.99
4615,643767.39
4616,419252.45
4617,351330.75
4618,359626.1
4619,458767.53
4620,577580.265
4621,470912.55
4622,320270.69
4623,684670.5
4624,216862.625
4625,281609.55
4626,471464.5
4627,281354.0
4628,357510.25
4629,201245.0
4630,739381.5
4631,454039.525
4632,377505.325
4633,523503.505
4634,841795.64
4635,542310.995
4636,721417.0
4637,964543.1016666667
4638,261126.875
4639,443471.0
4640,396980.115
4641,491493.76
4642,617403.525
4643,352729.12
4644,612667.505
4645,441199.75
4646,389741.125
4647,523225.0
4648,237150.015
4649,360161.49666666664
4650,329880.1
4651,1105837.87
4652,380896.49
4653,275623.4
4654,905344.05
4655,293170.20625
4656,408731.8
4657,472289.05
4658,573248.75
4659,851109.615
4660,2056410.75
4661,217504.39833333332
4662,456524.29
4663,411681.435
4664,515591.7
4665,1566347.48
4666,1899391.15
4667,484626.13
4668,254982.17
4669,253281.65
4670,623761.98
4671,684844.78
4672,779385.095
4673,244847.49
4674,722785.78
4675,563496.375
4676,907804.84
4677,421903.835
4678,206395.775
4679,449389.0
4680,609965.95
4681,529448.5
4682,731797.255
4683,220747.585
4684,337272.75
4685,322834.315
4686,337645.375
4687,258200.225
4688,835245.925
4689,274083.085
4690,511874.9
4691,808759.48
4692,490151.465
4693,385015.0
4694,231694.75
4695,287076.825
4696,514733.11
4697,178814.98166666663
4698,290379.685
4699,742159.14
4700,457740.025
4701,442260.94
4702,448178.18
4703,311020.46
4704,324455.685
4705,252725.74833333332
4706,454204.475
4707,1275398.575
4708,725498.3
4709,470239.19
4710,228982.0
4711,351236.69
4712,251947.99
4713,410696.15
4714,367187.665
4715,389732.83
4716,605010.375
4717,661337.01
4718,622037.16
4719,797790.5
4720,308872.33666666667
4721,495482.5
4722,284206.485
4723,344135.625
4724,646112.235
4725,354320.48
4726,387691.645
4727,1013752.29
4728,960599.0
4729,619191.825
4730,909766.7
4731,396436.25
4732,511051.675
4733,325485.32
4734,315365.235
4735,324317.805
4736,443980.75
4737,494499.15
4738,285934.95
4739,412275.965
4740,451700.25
4741,241000.5
4742,265570.995
4743,378711.575
4744,399450.78333333327
4745,190110.95
4746,349938.75
4747,463840.715
4748,363856.64
4749,774593.0
4750,332700.44
4751,219912.5
4752,651243.2
4753,374354.825
4754,414693.625
4755,748180.58
4756,428584.5
4757,534060.48
4758,440617.495
4759,279379.05
4760,334951.25
4761,368502.35
4762,540813.325
4763,233419.435
4764,554707.775
4765,614679.16
4766,493030.0233333334
4767,228353.33
4768,1225541.85
4769,419956.405
4770,331380.31
4771,800543.15
4772,927186.43
4773,1121195.4
4774,726847.325
4775,347519.75
4776,429256.75
4777,252255.72
4778,445439.9916666667
4779,356502.995
4780,625754.335
4781,325857.095
4782,322356.725
4783,1654652.25
4784,489968.18
4785,262082.75
4786,461665.5
4787,585271.25
4788,220149.24833333332
4789,377492.73
4790,283232.48333333334
4791,607024.75
4792,585838.0
4793,314038.625
4794,286671.405
4795,370190.74
4796,389858.105
4797,872464.0
4798,355252.325
4799,381782.4683333334
4800,847245.405
4801,817228.43
4802,1983833.0
4803,259445.27
4804,757511.2
4805,266321.41
4806,382888.955
4807,478628.75
4808,604584.43
4809,278505.45
4810,369289.185
4811,537787.0
4812,541899.0
4813,470797.03
4814,299372.935
4815,795332.47
4816,514359.19
4817,720292.1
4818,355869.86
4819,391550.19
4820,663427.1033333333
4821,643938.9166666666
4822,238644.90833333335
4823,836348.675
4824,254808.975
4825,361937.18
4826,566014.28
4827,574002.07
4828,378325.705
4829,626297.05
4830,220132.975
4831,821318.875
4832,387145.91
4833,1019912.235
4834,778002.5
4835,1753407.2
4836,668344.0933333333
4837,376378.19
4838,282243.2416666667
4839,574160.75
4840,496682.39
4841,264962.475
4842,426511.08
4843,801890.765
4844,342092.03
4845,421535.425
4846,190953.15
4847,449938.165
4848,1362673.62
4849,544374.255
4850,743638.705
4851,550135.945
4852,515324.125
4853,827482.925
4854,1009914.84
4855,217797.9
4856,382566.375
4857,1012006.45
4858,569419.7
4859,1909218.4
4860,853617.465
4861,623990.75
4862,232259.195
4863,402068.96
4864,568553.67
4865,237340.5
4866,363939.45
4867,244453.58
4868,492216.075
4869,167778.6025
4870,252246.865
4871,331114.775
4872,293046.425
4873,506978.31
4874,320817.05
4875,228109.6
4876,357551.23
4877,298459.0833333333
4878,771601.785
4879,486315.75
4880,387566.255
4881,358732.75
4882,313855.44
4883,560011.445
4884,592566.25
4885,370854.89
4886,408914.75
4887,360993.585
4888,221632.79875
4889,341330.18
4890,239004.885
4891,393234.75
4892,267168.75
4893,350794.96
4894,1152406.15
4895,345866.0
4896,875956.22
4897,942449.18
4898,783966.345
4899,280762.84
4900,988543.88
4901,306101.495
4902,1050836.25
4903,386729.655
4904,570280.625
4905,455338.09
4906,281154.53
4907,364013.975
4908,553185.87
4909,653068.95
4910,470167.9
4911,582821.03
4912,553252.5
4913,236500.95
4914,502085.59
4915,580489.975
4916,792844.4166666665
4917,285136.5
4918,504903.425
4919,515635.95
4920,387064.625
4921,517643.405
4922,542252.525
4923,269653.7
4924,820409.94
4925,1054763.68
4926,389660.565
4927,442370.12
4928,247622.15333333335
4929,200272.20833333337
4930,317274.195
4931,670958.1666666666
4932,271032.0
4933,670135.625
4934,342979.0
4935,370199.5
4936,232361.21
4937,401248.275
4938,632226.715
4939,586306.0
4940,362190.51
4941,484426.80166666664
4942,292196.0
4943,534224.07
4944,192392.75833333336
4945,199079.25
4946,402345.25
4947,375107.885
4948,515322.175
4949,816334.25
4950,507693.29
4951,774544.875
4952,253273.425
4953,702419.59
4954,349304.3
4955,236100.15
4956,1075037.52
4957,566590.75
4958,568503.55
4959,559059.225
4960,229639.52
4961,533998.85
4962,458061.02
4963,1134948.73
4964,686364.52
4965,501030.5
4966,1023774.95
4967,779850.285
4968,526831.57
4969,570014.125
4970,2112634.5
4971,384776.71
4972,310496.675
4973,468560.29
4974,273758.725
4975,351079.045
4976,681013.3166666668
4977,1020494.67
4978,1404710.35
4979,1267838.27
4980,518159.13
4981,452183.8
4982,356137.62
4983,532111.435
4984,911881.85
4985,372422.655
4986,378148.23
4987,1597964.55
4988,976991.5
4989,871084.85
4990,953482.75
4991,464880.005
4992,190561.24
4993,344184.725
4994,451047.69
4995,820573.25
4996,251171.835
4997,329423.275
4998,719019.7
4999,378132.39
5000,288174.255
5001,645592.625
5002,528264.83
5003,695325.935
5004,319182.285
5005,247068.7
5006,900424.0
5007,319912.75
5008,433382.0
5009,257053.5
5010,713376.08
5011,820232.005
5012,392758.24
5013,367707.365
5014,368165.775
5015,255954.91166666668
5016,451415.44
5017,559555.41
5018,534984.05
5019,360603.5
5020,227150.58333333337
5021,502640.765
5022,690796.75
5023,266010.92916666664
5024,251000.625
5025,550115.1316666666
5026,492994.9983333333
5027,347970.195
5028,271389.09
5029,581401.38
5030,185747.2
5031,473537.12
5032,915055.55
5033,230694.295
5034,609377.795
5035,571312.7
5036,423245.8
5037,739303.95
5038,647670.8
5039,3837379.5
5040,366403.13
5041,551431.7
5042,382453.5
5043,275718.385
5044,342068.03
5045,910757.8
5046,633576.07
5047,221678.25
5048,376983.83
5049,376266.265
5050,400112.405
5051,325695.175
5052,241311.885
5053,409526.245
5054,401003.9933333333
5055,437960.26
5056,370559.455
5057,415029.625
5058,710629.575
5059,438306.495
5060,541626.09
5061,267910.0
5062,460648.0
5063,412171.375
5064,570613.665
5065,356113.07
5066,266199.875
5067,485399.645
5068,632798.24
5069,278770.925
5070,735215.44
5071,321151.725
5072,597651.555
5073,1311435.58
5074,364727.53
5075,528861.595
5076,469196.57
5077,667421.005
5078,235750.665
5079,223646.86
5080,646559.97
5081,452819.25
5082,478316.26
5083,533454.75
5084,365627.31
5085,215354.18
5086,2577655.3
5087,582559.625
5088,822328.875
5089,340635.185
5090,246369.8
5091,654673.85
5092,304480.495
5093,851271.97
5094,687728.32
5095,386608.73
5096,416976.3
5097,507442.04
5098,613222.05
5099,651337.625
5100,813044.995
5101,549587.195
5102,610625.69
5103,660881.0783333334
5104,532212.0
5105,703211.285
5106,340890.19
5107,692106.94
5108,265250.735
5109,774222.0333333333
5110,894683.69
5111,567581.58
5112,414971.43799999997
5113,451929.955
5114,213677.25
5115,700883.86
5116,801618.28
5117,712794.08
5118,825933.75
5119,580786.0
5120,891911.425
5121,732607.26
5122,1271515.5
5123,357159.575
5124,1568563.85
5125,544722.44
5126,343222.595
5127,414183.2
5128,672786.905
5129,567794.875
5130,1253910.6
5131,250198.385
5132,312996.415
5133,384630.96
5134,370260.69
5135,985420.8
5136,589435.41
5137,768331.75
5138,882732.55
5139,447969.24
5140,621477.75
5141,381204.0
5142,996838.84
5143,367210.0
5144,482913.775
5145,793916.21
5146,409500.75
5147,243461.015
5148,322314.01
5149,333523.625
5150,654963.88
5151,1246539.75
5152,385750.95
5153,2058807.25
5154,810404.29
5155,398711.15
5156,236290.875
5157,915395.975
5158,637168.315
5159,1349071.35
5160,840050.7666666667
5161,674011.84
5162,329747.925
5163,312270.195
5164,826866.085
5165,165876.0
5166,1166377.285
5167,828288.125
5168,740557.15
5169,410450.205
5170,641771.68
5171,368711.255
5172,773310.75
5173,451558.635
5174,762332.11
5175,275014.045
5176,393895.9
5177,151164.27833333335
5178,868149.7
5179,443110.425
5180,404724.25
5181,292141.125
5182,551870.115
5183,465167.75
5184,318444.5
5185,232884.525
5186,408001.8616666667
5187,490598.35
5188,464431.44
5189,427239.345
5190,244751.02666666664
5191,380425.2583333333
5192,353917.63
5193,400473.55
5194,519164.77
5195,285901.2083333333
5196,628785.45
5197,497490.125
5198,488748.045
5199,632478.675
5200,776683.335
5201,500659.25
5202,766682.47
5203,1060036.55
5204,374377.065
5205,452978.66
5206,616143.25
5207,563777.825
5208,892171.745
5209,198168.415
5210,1089817.67
5211,352456.96
5212,1925135.0
5213,750339.17
5214,732045.495
5215,534267.25
5216,617583.11
5217,324672.035
5218,422224.5
5219,287072.5
5220,445289.37
5221,675989.5
5222,289036.82
5223,189472.275
5224,857477.65
5225,374162.495
5226,640708.84
5227,230772.61
5228,583429.7933333333
5229,913783.995
5230,367144.14
5231,337102.435
5232,340636.745
5233,501596.915
5234,323157.51
5235,644364.25
5236,848015.065
5237,856559.455
5238,249576.085
5239,263112.82833333337
5240,420507.835
5241,594879.145
5242,718446.045
5243,358931.205
5244,1097806.1
5245,317940.77
5246,340801.25
5247,263982.23
5248,214659.71
5249,486977.175
5250,272762.97
5251,414697.5
5252,447271.89166666666
5253,366175.5
5254,891160.48
5255,266978.19
5256,618102.315
5257,748577.55
5258,554555.67
5259,375533.6
5260,383801.12
5261,484581.5
5262,273832.0
5263,499031.7
5264,333231.555
5265,286237.5833333333
5266,708225.56
5267,674638.25
5268,450258.37
5269,972571.495
5270,249017.26
5271,963126.675
5272,339135.605
5273,628508.525
5274,440732.75
5275,263064.5
5276,264384.89
5277,555150.515
5278,283653.455
5279,243103.59
5280,431340.725
5281,678366.25
5282,206700.375
5283,628804.76
5284,631661.4583333334
5285,319000.475
5286,471520.12
5287,696050.575
5288,410019.0
5289,290915.9166666666
5290,812014.195
5291,478297.38
5292,462547.53
5293,2316723.75
5294,409158.0
5295,365930.82
5296,1060573.5783333334
5297,468005.9
5298,407188.82
5299,315981.83
5300,507937.75000000006
5301,356737.0
5302,646954.25
5303,504232.46
5304,320480.45
5305,601406.5
5306,686192.15
5307,517124.0
5308,615543.18
5309,403322.73
5310,455433.0
5311,368463.8
5312,440140.37
5313,491338.39
5314,265251.74166666664
5315,748819.41
5316,705385.55
5317,371208.925
5318,429773.925
5319,290893.79
5320,997905.885
5321,253708.115
5322,259206.5
5323,788402.125
5324,402650.425
5325,486065.93
5326,387520.53
5327,593344.605
5328,689884.75
5329,593686.0833333334
5330,281047.515
5331,192006.58666666667
5332,307675.75
5333,490227.39
5334,374465.03
5335,654406.75
5336,976665.775
5337,456550.57
5338,276065.0775
5339,1037290.5
5340,527079.0
5341,613963.4216666666
5342,291560.65
5343,746074.85
5344,630845.57
5345,244825.205
5346,316667.0
5347,248428.975
5348,273656.0
5349,424805.375
5350,1499841.3
5351,174588.53
5352,544573.125
5353,423712.25
5354,245290.1
5355,364363.325
5356,318120.1166666667
5357,777891.5
5358,988874.05
5359,558227.08
5360,480459.82
5361,525728.6
5362,470669.325
5363,831308.41
5364,550331.3
5365,607514.0
5366,1275146.0166666666
5367,1497833.833333333
5368,309628.665
5369,209823.75
5370,332541.15
5371,690324.06
5372,358178.16
5373,250242.685
5374,711381.945
5375,440755.61
5376,271242.15
5377,226592.375
5378,1476569.5
5379,234155.31
5380,1458352.75
5381,293728.25
5382,1816958.25
5383,504961.485
5384,446715.55
5385,524996.83
5386,336748.655
5387,318917.25
5388,356635.55
5389,383988.495
5390,377062.375
5391,302612.16
5392,367629.69
5393,363895.58
5394,653687.225
5395,1088915.3
5396,427044.3283333333
5397,381503.535
5398,798904.645
5399,712322.885
5400,665748.815
5401,297430.15
5402,1797375.6
5403,332836.295
